player_names,2009-10,2010-11,2011-12,2012-13,2013-14,2014-15,2015-16,2016-17,2017-18,2018-19,2019-20
AJ Hammons,,,,,,,,650000.0,1312611.0,,
AJ Price,457588.0,762195.0,854389.0,885120.0,947907.0,493917.0,,,,,
Aaron Brooks,1118520.0,2016692.0,,5750000.0,1027424.0,915243.0,2250000.0,2700000.0,2116955.0,,
Aaron Gordon,,,,,,3992040.0,4171680.0,4351320.0,5504419.0,21590909.0,19863636.0
Aaron Gray,1000497.0,1028840.0,2500000.0,,2612500.0,1227985.0,1356146.0,,,,
Aaron Harrison,,,,,,,525093.0,365289.0,174570.0,,
Aaron Holiday,,,,,,,,,,1914480.0,2239200.0
Aaron Jackson,,,,,,,,,46079.0,,
Abdel Nader,,,,,,,,,1167333.0,1378242.0,1618520.0
Acie Law,2216160.0,859087.0,,,,,,,,,
Adam Mokoka,,,,,,,,,,,79568.0
Adam Morrison,5257229.0,,,,,,,,,,
Admiral Schofield,,,,,,,,,,,1000000.0
Adonal Foyle,1306455.0,,,,,,,,,,
Adreian Payne,,,,,,1855320.0,1938840.0,2022240.0,77250.0,,
Al Harrington,10026875.0,5765000.0,6226200.0,6687400.0,8548107.0,7609800.0,,,,,
Al Horford,4307640.0,5444857.0,12000000.0,12000000.0,12000000.0,12000000.0,12000000.0,26540100.0,27734405.0,28928710.0,28000000.0
Al Jefferson,12000000.0,13000000.0,14000000.0,15000000.0,13500000.0,13500000.0,13500000.0,10230179.0,9769821.0,4000000.0,
Al Thornton,1900200.0,2814196.0,,,,,,,,,
Al-Farouq Aminu,,2563320.0,2755560.0,2947800.0,3700000.0,981084.0,8042895.0,7680965.0,7319035.0,6957105.0,9258000.0
Alan Anderson,,,,885120.0,947907.0,1276061.0,4000000.0,1315448.0,,,
Alan Williams,,,,,,,114284.0,874636.0,6000000.0,77250.0,
Alando Tucker,1071720.0,,,,,,,,,,
Alec Burks,,,2020200.0,2171640.0,2323200.0,3201369.0,9213484.0,9904495.0,10845506.0,11536515.0,2320044.0
Alec Peters,,,,,,,,,77250.0,,
Aleksandar Pavlovic,2750000.0,202295.0,1223166.0,1232713.0,,,,,,,
Alen Smailagic,,,,,,,,,,,898310.0
Alex Abrines,,,,,,,,5994764.0,5725000.0,3667645.0,
Alex Caruso,,,,,,,,50000.0,77250.0,77250.0,2750000.0
Alex Kirk,,,,,,214871.0,,,,,
Alex Len,,,,,3492720.0,3649920.0,3807120.0,4823621.0,4187599.0,4350000.0,4160000.0
Alex Poythress,,,,,,,,73743.0,778668.0,77250.0,
Alex Stepheson,,,,,,,92662.0,,,,
Alexey Shved,,,,3017943.0,3066667.0,3198723.0,,,,,
Alexis Ajinca,1372080.0,1467840.0,,,635880.0,981084.0,4539607.0,4863206.0,4961798.0,5285394.0,
Alfonzo McKinnie,,,,,,,,,815615.0,1349383.0,2391985.0
Alize Johnson,,,,,,,,,,838464.0,1416852.0
Allen Crabbe,,,,,825000.0,862000.0,947276.0,18500000.0,18500000.0,19332500.0,
Allen Iverson,1191180.0,,,,,,,,,,
Allonzo Trier,,,,,,,,,,3382000.0,
Alonzo Gee,,681492.0,854389.0,3500000.0,3250000.0,1063384.0,1320000.0,2255408.0,,,
Amare Stoudemire,16378325.0,16486611.0,18217705.0,19948799.0,21679893.0,21896658.0,1499187.0,,,,
Amile Jefferson,,,,,,,,,77250.0,77250.0,
Amir Coffey,,,,,,,,,,,79568.0
Amir Johnson,3666666.0,5000000.0,5500000.0,6000000.0,6500000.0,7000000.0,12000000.0,12000000.0,11000000.0,2393887.0,
Anderson Varejao,6300000.0,7281818.0,7700000.0,8400000.0,9100000.0,9800000.0,10158574.0,10851659.0,,,
Andray Blatche,3000000.0,5900000.0,6442083.0,7972891.0,9170525.0,,,,,,
Andre Dawkins,,,,,,271697.0,,,,,
Andre Drummond,,,,2356320.0,2462400.0,2568360.0,3272090.0,22116750.0,23775506.0,25434262.0,27093018.0
Andre Emmett,,,61433.0,,,,,,,,
Andre Iguodala,12200000.0,12345250.0,13531750.0,14718250.0,12868632.0,12289544.0,11710456.0,11131368.0,14814815.0,16000000.0,17185185.0
Andre Ingram,,,,,,,,,46079.0,76236.0,
Andre Miller,6730800.0,7269264.0,7807728.0,5000000.0,5000000.0,4625000.0,1490369.0,,,,
Andre Roberson,,,,,1110840.0,1160880.0,1210800.0,2183072.0,9259260.0,10000000.0,10740740.0
Andrea Bargnani,6527491.0,8500000.0,9250000.0,10000000.0,11000000.0,12000000.0,1362897.0,,,,
Andrei Kirilenko,16452000.0,17823000.0,,9779349.0,3183000.0,3326235.0,,,,,
Andres Nocioni,7500000.0,6850000.0,6650000.0,,,,,,,,
Andrew Bogut,10000000.0,11000000.0,12000000.0,13150000.0,14200000.0,12972973.0,12000000.0,11410378.0,1078810.0,486892.0,
Andrew Bynum,12526998.0,13700000.0,14900000.0,16473002.0,7000000.0,,,,,,
Andrew Goudelock,,,473604.0,44835.0,,,200600.0,,,,
Andrew Harrison,,,,,,,,945000.0,1312611.0,354500.0,
Andrew Nicholson,,,,1418160.0,1482000.0,1545840.0,2380593.0,6088993.0,2844429.0,2844429.0,
Andrew White,,,,,,,,,77250.0,,
Andrew Wiggins,,,,,,5510640.0,5758680.0,6006600.0,7574322.0,25467250.0,27504630.0
Andris Biedrins,9000000.0,9000000.0,9000000.0,9000000.0,9000000.0,,,,,,
Andy Rautins,,600000.0,788872.0,,,,,,,,
Anfernee Simons,,,,,,,,,,1837800.0,2149560.0
Angel Delgado,,,,,,,,,,77250.0,
Antawn Jamison,11641095.0,13358905.0,15076715.0,1352181.0,1399507.0,,,,,,
Ante Zizic,,,,,,,,,1645200.0,1952760.0,2281800.0
Anthony Barber,,,,,,,,50000.0,,,
Anthony Bennett,,,,,5324280.0,5563920.0,4597276.0,1015696.0,,,
Anthony Brown,,,,,,,525093.0,1023838.0,77250.0,,
Anthony Carter,1306455.0,1352181.0,1352181.0,,,,,,,,
Anthony Davis,,,,5144280.0,5375760.0,5607240.0,7070730.0,22116750.0,23775506.0,25434263.0,27093019.0
Anthony Johnson,2160000.0,,,,,,,,,,
Anthony Morrow,736420.0,4000000.0,4000000.0,4000000.0,1027424.0,3200000.0,3344000.0,3488000.0,,,
Anthony Parker,2644230.0,2855700.0,2250000.0,,,,,,,,
Anthony Randolph,1837560.0,1965720.0,2911231.0,1674641.0,1750000.0,1825359.0,,,,,
Anthony Tolliver,411529.0,2200000.0,2050000.0,915852.0,,3000000.0,3000000.0,8000000.0,5290000.0,5750000.0,434704.0
Antoine Wright,2110550.0,992680.0,,,,,,,,,
Antonio Anderson,139968.0,,,,,,,,,,
Antonio Blakeney,,,,,,,,,77250.0,1349383.0,
Antonio Daniels,5863580.0,,,,,,,,,,
Antonio McDyess,7500000.0,4860000.0,2640000.0,,,,,,,,
Antonius Cleveland,,,,,,,,,384116.0,,79568.0
Anzejs Pasecniks,,,,,,,,,,,482144.0
Archie Goodwin,,,,,1064400.0,1112280.0,1160160.0,2350999.0,,77250.0,
Arinze Onuaku,,,,,106776.0,48028.0,,426775.0,,,
Armon Johnson,,473604.0,762195.0,,,,,,,,
Arnett Moultrie,,,,1042320.0,1089240.0,1136160.0,,,,,
Aron Baynes,,,,239588.0,788872.0,2100000.0,6500000.0,6500000.0,4300000.0,5193600.0,5453280.0
Arron Afflalo,1086240.0,1959577.0,7562500.0,7562500.0,7562500.0,7562500.0,8000000.0,12500000.0,5328652.0,,
Austin Daye,1677840.0,1803720.0,1929600.0,2958444.0,947907.0,1263550.0,,,,,
Austin Rivers,,,,2238360.0,2339040.0,2439840.0,3110796.0,11000000.0,11825000.0,13155324.0,2174310.0
Avery Bradley,,1418160.0,1524480.0,1630800.0,2511432.0,7191011.0,7730337.0,8269663.0,8808989.0,12000000.0,4767000.0
Axel Toupane,,,,,,,61775.0,977534.0,,,
BJ Johnson,,,,,,,,,,142111.0,79568.0
BJ Mullens,1120200.0,1204200.0,1288200.0,2253061.0,947907.0,,,,,,
Bam Adebayo,,,,,,,,,2490360.0,2955840.0,3454080.0
Baron Davis,12150000.0,13000000.0,15252181.0,14850000.0,,,,,,,
Beau Beech,,,,,,,,45000.0,,,
Ben Bentil,,,,,,,,281968.0,,,
Ben Gordon,10000000.0,10800000.0,11600000.0,12400000.0,13200000.0,4500000.0,,,,,
Ben Hansbrough,,,,473604.0,,,,,,,
Ben McLemore,,,,,2895960.0,3026280.0,3156600.0,4008882.0,5200000.0,5460000.0,2028594.0
Ben Moore,,,,,,,,,77250.0,222099.0,
Ben Simmons,,,,,,,,5903160.0,6168840.0,6434520.0,8113929.0
Ben Uzoh,,473604.0,61433.0,,,,,,,,
Ben Wallace,1306445.0,2080000.0,2246400.0,,,,,,,,
Beno Udrih,6031800.0,6478600.0,6925400.0,7810000.0,1272279.0,2077000.0,2080465.0,980431.0,,,
Bernard James,,,,473604.0,788872.0,1259775.0,,,,,
Billy Garrett,,,,,,,,,,67370.0,
Billy Preston,,,,,,,,,,77250.0,
Bismack Biyombo,,,2798040.0,3007920.0,3217680.0,4086453.0,2814000.0,17000000.0,17000000.0,17000000.0,17000000.0
Blake Griffin,4983480.0,5357280.0,5731080.0,7226891.0,16402500.0,17632688.0,18862876.0,20093064.0,29512900.0,31873932.0,34449964.0
Boban Marjanovic,,,,,,,1200000.0,5628000.0,5881260.0,9490740.0,3500000.0
Bobby Brown,736420.0,,,,,,,940070.0,1231500.0,,
Bobby Portis,,,,,,,1344120.0,1404600.0,1516320.0,2494346.0,15000000.0
Bobby Simmons,10560000.0,71951.0,594836.0,,,,,,,,
Bogdan Bogdanovic,,,,,,,,,9470614.0,9000000.0,8529386.0
Bojan Bogdanovic,,,,,,3278000.0,3425510.0,3573020.0,10500000.0,10500000.0,17000000.0
Bol Bol,,,,,,,,,,,79568.0
Bonzie Colson,,,,,,,,,,77250.0,
Boris Diaw,9000000.0,9000000.0,9000000.0,4500000.0,4702500.0,8000000.0,7500000.0,7000000.0,,,
Brad Miller,12250000.0,4400000.0,4752000.0,848000.0,,,,,,,
Brad Wanamaker,,,,,,,,,,838464.0,1445697.0
Bradley Beal,,,,4133280.0,4319280.0,4505280.0,5694673.0,22116750.0,23775506.0,25434262.0,27093018.0
Brady Heslip,,,,,,,,56500.0,,,
Brandan Wright,2671440.0,3398072.0,915852.0,992680.0,5000000.0,5000000.0,5464000.0,5709880.0,5955760.0,,
Branden Dawson,,,,,,,525093.0,,,,
Brandon Bass,4000000.0,4000000.0,4250000.0,6500000.0,6750000.0,6950000.0,3000000.0,1551659.0,,,
Brandon Clarke,,,,,,,,,,,2478840.0
Brandon Davies,,,,,490180.0,129676.0,,,,,
Brandon Goodwin,,,,,,,,,,56845.0,522738.0
Brandon Ingram,,,,,,,,5281680.0,5519400.0,5757120.0,7265485.0
Brandon Jennings,2168520.0,2331120.0,2493720.0,3179493.0,7655503.0,8000000.0,8344497.0,5587318.0,380830.0,,
Brandon Knight,,,2563320.0,2755560.0,2947800.0,3553917.0,13500000.0,12606250.0,13618750.0,14631250.0,15643750.0
Brandon Paul,,,,,,,,155000.0,815615.0,,
Brandon Roy,3910816.0,13520500.0,16032144.0,21459805.0,17779458.0,14399332.0,,,,,
Brandon Rush,1934160.0,2069049.0,2956658.0,4000000.0,4000000.0,1145685.0,1270964.0,3500000.0,119601.0,,
Brandon Sampson,,,,,,,,,,77250.0,
Brendan Haywood,6000000.0,6900000.0,7624500.0,8349000.0,7073500.0,9798000.0,,,,,
Brent Barry,2062800.0,,,,,,,,,,
Brian Bowen,,,,,,,,,,,79568.0
Brian Cardinal,6750000.0,1352181.0,1352181.0,,,,,,,,
Brian Cook,3500000.0,1146337.0,1223166.0,,,,,,,,
Brian Roberts,,,,473604.0,788872.0,2732000.0,2854940.0,1050961.0,,,
Brian Scalabrine,3413793.0,1229255.0,1352181.0,,,,,,,,
Brian Skinner,1306455.0,270436.0,65446.0,,,,,,,,
Briante Weber,,,,,,,61774.0,623447.0,160378.0,,
Brice Johnson,,,,,,,,1273920.0,1331160.0,,
Bronson Koenig,,,,,,,,,50000.0,,
Brook Lopez,2225880.0,2413320.0,3076983.0,13668000.0,14694000.0,15719000.0,19689000.0,21165675.0,22642350.0,3382000.0,12093024.0
Bruce Bowen,2000000.0,,,,,,,,,,
Bruce Brown,,,,,,,,,,838464.0,1416852.0
Bruno Caboclo,,,,,,1458360.0,1524000.0,1589640.0,2451224.0,705361.0,1845301.0
Bruno Fernando,,,,,,,,,,,1400000.0
Bryce Cotton,,,,,,152200.0,99418.0,,,,
Bryce Dejean-Jones,,,,,,,61775.0,,,,
Bryn Forbes,,,,,,,,543471.0,1312611.0,3125000.0,2875000.0
Buddy Hield,,,,,,,,3517200.0,3675480.0,3833760.0,4861207.0
CJ Fair,,,,,,,,,82943.0,,
CJ McCollum,,,,,2316720.0,2421000.0,2525160.0,3219579.0,23962573.0,25759766.0,27556959.0
CJ Miles,3700000.0,3700000.0,3700000.0,2225000.0,2225000.0,4205000.0,4394225.0,4583450.0,7936509.0,8333333.0,
CJ Watson,1000497.0,3100000.0,3400000.0,992680.0,2016000.0,2077000.0,5000000.0,5000000.0,333333.0,,
CJ Wilcox,,,,,,1109760.0,1159680.0,1209600.0,77250.0,,
CJ Williams,,,,,,,,,77250.0,77250.0,
Caleb Martin,,,,,,,,,,,898310.0
Caleb Swanigan,,,,,,,,,1465920.0,1740000.0,2033160.0
Cam Reddish,,,,,,,,,,,4245720.0
Cam Reynolds,,,,,,,,,,108953.0,79568.0
Cameron Bairstow,,,,,,507336.0,845059.0,,,,
Cameron Johnson,,,,,,,,,,,4033440.0
Cameron Oliver,,,,,,,,,300000.0,,
Cameron Payne,,,,,,,2021520.0,2112480.0,2203440.0,3440356.0,196288.0
Caris LeVert,,,,,,,,1562280.0,1632480.0,1702800.0,2625717.0
Carl Landry,3000000.0,3000000.0,8500000.0,4000000.0,6750000.0,6750000.0,6750000.0,6750000.0,,,
Carldell Johnson,,,168035.0,,,,,,,,
Carlos Arroyo,1107572.0,1223166.0,,,,,,,,,
Carlos Boozer,13520500.0,14400000.0,13500000.0,15000000.0,15300000.0,16800000.0,,,,,
Carlos Delfino,3500000.0,3500000.0,3500000.0,3000000.0,3250000.0,3250000.0,,,,,
Carmelo Anthony,15779912.0,17149243.0,18518574.0,19450000.0,21490000.0,22458401.0,22875000.0,24559380.0,26243760.0,2393887.0,2159029.0
Caron Butler,9780970.0,10561960.0,8000000.0,8000000.0,8386992.0,4500000.0,1499187.0,1551659.0,,,
Carrick Felix,,,,,490180.0,816482.0,,,140901.0,,
Carsen Edwards,,,,,,,,,,,1228026.0
Cartier Martin,86638.0,854389.0,,915852.0,1003248.0,1145685.0,1270964.0,,,,
Casper Ware,,,,,69201.0,,,,,,
Cedi Osman,,,,,,,,,2642857.0,2775000.0,2907143.0
Cedric Jackson,53834.0,,,,,,,,,,
Chandler Hutchison,,,,,,,,,,1991520.0,2332320.0
Chandler Parsons,,,850000.0,888250.0,926500.0,14700000.0,15361500.0,22116750.0,23112004.0,24107258.0,
Channing Frye,2000000.0,5200000.0,5600000.0,6000000.0,6400000.0,8579088.0,8193029.0,7806971.0,7420912.0,2393887.0,
Charles Cooke,,,,,,,,,77250.0,76236.0,
Charles Jenkins,,,473604.0,762195.0,,,,,,,
Charlie Bell,3596000.0,4447792.0,4099920.0,,,,,,,,
Charlie Brown,,,,,,,,,,,79568.0
Charlie Villanueva,6500000.0,7020000.0,7540000.0,8060000.0,8580000.0,1316809.0,1499187.0,,,,
Chase Budinger,457588.0,780871.0,854389.0,942293.0,5000000.0,5000000.0,5258082.0,,,,
Chasson Randle,,,,,,,,541170.0,1312611.0,975824.0,91557.0
Chauncey Billups,12100000.0,13150000.0,14200000.0,3000000.0,2500000.0,,,,,,
Cheick Diallo,,,,,,,,543471.0,1312611.0,1544951.0,1678854.0
Chimezie Metu,,,,,,,,,,838464.0,1416852.0
Chinanu Onuaku,,,,,,,,543471.0,1312611.0,,
Chris Andersen,3650000.0,4533300.0,4234000.0,5225952.0,6217507.0,5300000.0,5000000.0,1551659.0,,,
Chris Babb,,,,,138403.0,48028.0,,,,,
Chris Bosh,15779912.0,14500000.0,16022500.0,17545000.0,19067500.0,20644400.0,22192730.0,23741060.0,25289390.0,26837720.0,
Chris Boucher,,,,,,,,,77250.0,457418.0,1588231.0
Chris Chiozza,,,,,,,,,,137374.0,79568.0
Chris Clemons,,,,,,,,,,,563346.0
Chris Copeland,,,,473604.0,3000000.0,3130000.0,1150000.0,,,,
Chris Douglas-Roberts,736000.0,854389.0,,72892.0,535288.0,915243.0,,,,,
Chris Duhon,6031800.0,3500000.0,3500000.0,3680000.0,1500000.0,,,,,,
Chris Hunter,632455.0,,,,,,,,,,
Chris Johnson,,164368.0,762195.0,508586.0,916099.0,,,,,,
Chris Kaman,10400000.0,11800000.0,14030000.0,8000000.0,3183000.0,4800000.0,5000000.0,,,,
Chris McCullough,,,,,,,1140240.0,1191480.0,1471382.0,,
Chris Paul,13520500.0,14940153.0,16359805.0,17779457.0,18668431.0,20068563.0,21468695.0,22868827.0,24268959.0,35654150.0,38506482.0
Chris Quinn,1055000.0,861978.0,,169339.0,,,,,,,
Chris Richard,43319.0,,,,,,,,,,
Chris Silva,,,,,,,,,,,466918.0
Chris Singleton,,,1485000.0,1596360.0,1707720.0,,,,,,
Chris Smith,,,,,184538.0,,,,,,
Chris Wilcox,3000000.0,3000000.0,3000000.0,1352181.0,,,,,,,
Chris Wright,,,473604.0,27859.0,139212.0,,,,,,
Christapher Johnson,,,,,320000.0,1135974.0,981348.0,,,,
Christian Eyenga,,1020960.0,1097520.0,1174080.0,,,,,,,
Christian Wood,,,,,,,339762.0,874636.0,,1512601.0,1645357.0
Chuck Hayes,2111750.0,1972500.0,5250000.0,5486250.0,5722500.0,5958750.0,70549.0,,,,
Chucky Atkins,2066455.0,,,,,,,,,,
Cleanthony Early,,,,,,507336.0,845059.0,,,,
Cliff Alexander,,,,,,,525093.0,,,,
Clint Capela,,,,,,1189200.0,1242720.0,1296240.0,2334528.0,15793104.0,16896552.0
Coby Karl,355215.0,,,,,,,,,,
Coby White,,,,,,,,,,,5307120.0
Cody Demps,,,,,,,,,,47370.0,
Cody Martin,,,,,,,,,,,1173310.0
Cody Zeller,,,,,3857040.0,4030560.0,4204200.0,5318313.0,12584270.0,13528090.0,14471910.0
Cole Aldrich,,2126520.0,2286000.0,2445480.0,884293.0,981084.0,1100602.0,7643979.0,7300000.0,2000000.0,
Collin Sexton,,,,,,,,,,4073760.0,4764960.0
Corey Brewer,2916120.0,3703472.0,3059000.0,3243000.0,4500000.0,4702500.0,8229375.0,7612172.0,8105615.0,2559925.0,183115.0
Corey Maggette,8937931.0,9600000.0,10262069.0,10924138.0,,,,,,,
Cory Higgins,,,473604.0,762195.0,,,,,,,
Cory Jefferson,,,,,,507336.0,362878.0,,,,
Cory Joseph,,,1028400.0,1105560.0,1182600.0,2134593.0,7000000.0,7315000.0,7630000.0,7945000.0,12000000.0
Coty Clarke,,,,,,,61774.0,,,,
Courtney Fortson,,,42009.0,,,,,,,,
Courtney Lee,1264440.0,1409040.0,2225093.0,5000000.0,5225000.0,5450000.0,5675000.0,11242000.0,11747890.0,12253780.0,12759670.0
Craig Brackins,,1306920.0,1404960.0,,,,,,,,
Craig Smith,2500000.0,2300000.0,992680.0,,,,,,,,
Cristiano Felicio,,,,,,,525093.0,874636.0,7843500.0,8470980.0,8156500.0
Cuttino Mobley,9500000.0,,,,,,,,,,
D'Angelo Russell,,,,,,,5103120.0,5332800.0,5562360.0,7019698.0,27285000.0
DJ Augustin,2385480.0,2540400.0,3236470.0,3500000.0,592279.0,3000000.0,3000000.0,7250000.0,7250000.0,7250000.0,7250000.0
DJ Kennedy,,,,,,,,50000.0,,,
DJ Stephens,,,,,28834.0,,,,,77250.0,
DJ White,1036440.0,1108680.0,2001167.0,263980.0,,,,,,,
DJ Wilson,,,,,,,,,2135040.0,2534280.0,2961120.0
Da'Sean Butler,,473604.0,,,,,,,,,
DaJuan Summers,457588.0,762195.0,303137.0,177024.0,,,,,,,
DaQuan Jeffries,,,,,,,,,,,898310.0
Daequan Cook,1362120.0,2169857.0,3341558.0,3602675.0,,,,,,,
Dahntay Jones,2500000.0,2500000.0,2700000.0,2900000.0,,721169.0,,24022.0,,,
Dairis Bertans,,,,,,,,,,194220.0,
Dakari Johnson,,,,,,,,,815615.0,1378242.0,
Damian Jones,,,,,,,,1171560.0,1312611.0,1544951.0,2305057.0
Damian Lillard,,,,3065040.0,3202920.0,3340920.0,4236286.0,24328425.0,26153057.0,27977689.0,29802321.0
Damien Inglis,,,,,,820000.0,855000.0,,,,
Damien Wilkins,3300000.0,748656.0,1146337.0,1223166.0,,,,,992696.0,,
Damion James,,1156320.0,1243080.0,50258.0,107776.0,,,,,,
Damion Lee,,,,,,,,50000.0,138239.0,77250.0,842327.0
Damjan Rudez,,,,,,1100000.0,1149500.0,980431.0,,,
Damyean Dotson,,,,,,,,,1100000.0,1378242.0,1618520.0
Dan Gadzuric,6749260.0,7248325.0,,,,,,,,,
Daniel Gafford,,,,,,,,,,,898310.0
Daniel Gibson,4088500.0,4015334.0,4403834.0,4792332.0,,,,,,,
Daniel Hamilton,,,,,,,,,77250.0,1349383.0,
Daniel Ochefu,,,,,,,,543471.0,50000.0,,
Daniel Orton,,1028400.0,1105560.0,762195.0,369322.0,,,,,,
Daniel Theis,,,,,,,,,815615.0,1378242.0,5000000.0
Danilo Gallinari,3089040.0,3304560.0,4190182.0,9439000.0,10146925.0,10854850.0,14000000.0,15050000.0,20559599.0,21587579.0,22615559.0
Danny Granger,9930500.0,10973202.0,12015904.0,13058606.0,14379240.0,2100000.0,2100000.0,,,,
Danny Green,457588.0,94154.0,854389.0,3500000.0,3762500.0,4025000.0,10000000.0,10000000.0,10000000.0,10000000.0,14634147.0
Dante Cunningham,457588.0,762195.0,2000000.0,2090000.0,2180000.0,831941.0,2850000.0,3000000.0,2300000.0,2487000.0,
Dante Exum,,,,,,3615000.0,3777720.0,3940320.0,4992385.0,10600000.0,9600000.0
Danuel House,,,,,,,,543471.0,77250.0,247827.0,3540000.0
Darington Hobson,,103078.0,245884.0,,,,,,,,
Dario Saric,,,,,,,,2318280.0,2422560.0,2526840.0,3481985.0
Darius Bazley,,,,,,,,,,,2284800.0
Darius Garland,,,,,,,,,,,6400920.0
Darius Johnson-Odom,,,,195013.0,46404.0,,,,,,
Darius Miles,9000000.0,,,,,,,,,,
Darius Miller,,,,473604.0,788872.0,915243.0,,,2100000.0,2205000.0,7250000.0
Darius Morris,,,473604.0,937195.0,944923.0,803149.0,,,,,
Darius Songaila,4526000.0,4818000.0,,,,,,,,,
Darko Milicic,7500000.0,4325000.0,4776500.0,6457255.0,,,,,,,
Darnell Jackson,736420.0,854389.0,,,,,,,,,
Darrell Arthur,1050480.0,1123680.0,2027119.0,3006217.0,3231683.0,3457149.0,2814000.0,8070175.0,7464912.0,7464912.0,
Darren Collison,1266120.0,1361040.0,1455960.0,2319344.0,1900000.0,4797664.0,5013559.0,5229454.0,10000000.0,10000000.0,
Darrun Hilliard,,,,,,,600000.0,874636.0,77250.0,,
Daryl Macon,,,,,,,,,,77250.0,
David Andersen,2300000.0,2500000.0,,,,,,,,,
David Lee,7000000.0,10800000.0,11610000.0,12744000.0,13878000.0,15012000.0,17120776.0,1551659.0,,,
David Nwaba,,,,,,,,73528.0,1312611.0,1512601.0,903111.0
David Stockton,,,,,,59686.0,,,192812.0,,
David Wear,,,,,,29843.0,,,,,
David West,9075000.0,8287500.0,10000000.0,10000000.0,12000000.0,12000000.0,1499187.0,1551659.0,2328652.0,,
Davis Bertans,,,,,,,,543471.0,1312611.0,7000000.0,7000000.0
Davon Reed,,,,,,,,,815615.0,752250.0,
De'Aaron Fox,,,,,,,,,4609200.0,5470920.0,6392760.0
De'Andre Hunter,,,,,,,,,,,7068360.0
De'Anthony Melton,,,,,,,,,,949000.0,1416852.0
DeAndre Bembry,,,,,,,,1499760.0,1567200.0,1634640.0,2603981.0
DeAndre Jordan,736420.0,854389.0,10079404.0,10532977.0,10986550.0,11440123.0,19689000.0,21165675.0,22642350.0,22897200.0,9881598.0
DeAndre Liggins,,,473604.0,762195.0,88429.0,,,1015695.0,1505942.0,,
DeJuan Blair,850000.0,918000.0,986000.0,1054000.0,941000.0,2000000.0,2000000.0,,,,
DeMar DeRozan,2282640.0,2453880.0,2625000.0,3344250.0,9500000.0,9500000.0,9500000.0,26540100.0,27739975.0,27739975.0,27739975.0
DeMarcus Cousins,,3374640.0,3627720.0,3880800.0,4916973.0,13701250.0,14728844.0,15756438.0,18063850.0,5337000.0,3500000.0
DeMarre Carroll,1009680.0,1085400.0,833713.0,885120.0,2500000.0,2500000.0,13600000.0,14200000.0,14800000.0,15400000.0,512721.0
DeQuan Jones,,,,473604.0,,,,,,,
DeSagana Diop,6031800.0,6478600.0,6925400.0,7372200.0,,,,,,,
DeShawn Stevenson,3886928.0,4151786.0,2500000.0,2240450.0,,,,,,,
DeVaughn Akoon-Purcell,,,,,,,,,,77250.0,
Dean Wade,,,,,,,,,,,375000.0
Deandre Ayton,,,,,,,,,,8175840.0,9562920.0
Dejounte Murray,,,,,,,,1180080.0,1312611.0,1544951.0,2321735.0
Delon Wright,,,,,,,1509360.0,1577280.0,1645200.0,2536898.0,9473684.0
Delonte West,4254250.0,1069509.0,1146337.0,1223166.0,,,,,,,
Demetrius Jackson,,,,,,,,1450000.0,319266.0,170107.0,
Deng Adel,,,,,,,,,,77250.0,
Dennis Horner,,,91642.0,,,,,,,,
Dennis Schroeder,,,,,1617840.0,1690680.0,1763400.0,2708582.0,15500000.0,15500000.0,15500000.0
Dennis Smith,,,,,,,,,3218280.0,3819960.0,4463640.0
Denzel Valentine,,,,,,,,2092200.0,2186400.0,2280600.0,3377568.0
Deonte Burton,,,,,,,,,,500000.0,1416852.0
Derek Fisher,5048000.0,3700000.0,3400000.0,1519214.0,1399507.0,,,,,,
Deron Williams,12323900.0,14940152.0,16359805.0,17177795.0,18466130.0,19754465.0,10853761.0,14885520.0,5474787.0,5474787.0,
Derrick Brown,457588.0,762195.0,854389.0,,,,,,,,
Derrick Caracter,,473604.0,270427.0,,,,,,,,
Derrick Favors,,4133280.0,4443360.0,4753320.0,6008106.0,12950000.0,12000000.0,11050000.0,12000000.0,16900000.0,17650000.0
Derrick Jones,,,,,,,,543471.0,462875.0,1512601.0,1645357.0
Derrick Rose,5184480.0,5546160.0,6993708.0,16402500.0,17632688.0,18862876.0,20093064.0,21323252.0,2533488.0,2176260.0,7317074.0
Derrick Walton,,,,,,,,,77250.0,,81678.0
Derrick White,,,,,,,,,1404600.0,1667160.0,1948080.0
Derrick Williams,,,4602720.0,4947840.0,5293080.0,6679866.0,4400000.0,5020145.0,104059.0,,
Desmond Mason,76850.0,,,,,,,,,,
Devean George,1600000.0,,,,,,,,,,
Devin Booker,,,,,,,2055840.0,2223600.0,2319360.0,3314365.0,27285000.0
Devin Brown,1100000.0,,,,,,,,,,
Devin Ebanks,,473604.0,762195.0,1040000.0,,,,,,,
Devin Harris,8400000.0,8981000.0,9319000.0,8500000.0,1272279.0,3878896.0,4053446.0,4227996.0,4402546.0,2393887.0,
Devin Robinson,,,,,,,,,77250.0,77250.0,
Devontae Cacok,,,,,,,,,,,79568.0
Devonte Graham,,,,,,,,,,988464.0,1416852.0
Devyn Marble,,,,,,884879.0,845059.0,,,,
Dewan Hernandez,,,,,,,,,,,898310.0
Dewayne Dedmon,,,,,256623.0,816482.0,947276.0,2898000.0,6900000.0,6300000.0,13333334.0
Dexter Pittman,,473604.0,762195.0,854389.0,107776.0,,,,,,
Deyonta Davis,,,,,,,,1369229.0,1312611.0,1741503.0,
Diamond Stone,,,,,,,,543471.0,1312611.0,,
Diante Garrett,,,,473604.0,719266.0,,,,,,
Didier Ilunga-Mbenga,959111.0,1069509.0,,,,,,,,,
Dillon Brooks,,,,,,,,,815615.0,1378242.0,1618520.0
Dion Waiters,,,,3726600.0,3894240.0,4062000.0,5138430.0,2898000.0,12100000.0,12705000.0,375385.0
Dionte Christmas,,,,236800.0,490180.0,,,50000.0,,,
Dirk Nowitzki,19795714.0,17278618.0,19092873.0,20907128.0,22721381.0,7974482.0,8333333.0,25000000.0,5000000.0,5000000.0,
Domantas Sabonis,,,,,,,,2440200.0,2550000.0,2659800.0,3529554.0
Dominic McGuire,825497.0,884120.0,915852.0,1195578.0,,,,,,,
Dominique Jones,,1110120.0,1193280.0,1276560.0,,,,,,,
Donald Sloan,,,198629.0,300395.0,884293.0,948163.0,1015421.0,,,,
Donatas Motiejunas,,,,1361400.0,1422720.0,1483920.0,,607491.0,,99289.0,
Donovan Mitchell,,,,,,,,,2621280.0,3111480.0,3635760.0
Donta Hall,,,,,,,,,,,101504.0
Donte DiVincenzo,,,,,,,,,,2484360.0,2905800.0
Donte Grantham,,,,,,,,,,77250.0,
Donte Greene,1044000.0,1116840.0,2015896.0,,,,,,,,
Dorell Wright,2750000.0,3500000.0,3823000.0,4106000.0,3000000.0,3145000.0,17637.0,,,,
Dorian Finney-Smith,,,,,,,,543471.0,1312611.0,1544951.0,4000000.0
Doron Lamb,,,,650000.0,788872.0,,,,,,
Doug McDermott,,,,,,2277960.0,2380440.0,2483040.0,3294994.0,7333334.0,7333333.0
Dragan Bender,,,,,,,,4276320.0,4468800.0,4661280.0,189700.0
Draymond Green,,,,850000.0,875500.0,915243.0,14260870.0,15330435.0,16400000.0,17469565.0,18539130.0
Drew Eubanks,,,,,,,,,,77250.0,79568.0
Drew Gooden,4500000.0,5760000.0,6226200.0,6680000.0,7091619.0,8128490.0,3300000.0,,,,
Drew Gordon,,,,,,73657.0,,,,,
Duje Dukan,,,,,,,525093.0,,,,
Duncan Robinson,,,,,,,,,,77250.0,1416852.0
Dusty Hannahs,,,,,,,,,,47370.0,
Dwayne Bacon,,,,,,,,,815615.0,1378242.0,1618520.0
Dwight Buycks,,,,,700000.0,48028.0,,,748160.0,,
Dwight Howard,15202590.0,16647180.0,18091770.0,19261200.0,20513178.0,21436271.0,22359364.0,23500000.0,23500000.0,24256725.0,2564753.0
Dwight Powell,,,,,,507336.0,845059.0,8375000.0,9003125.0,9631250.0,10259375.0
Dwyane Wade,15779912.0,14200000.0,15691000.0,17024000.0,18536000.0,15000000.0,20000000.0,23200000.0,17878652.0,2393887.0,
Dylan Windler,,,,,,,,,,,2035800.0
Dzanan Musa,,,,,,,,,,1634400.0,1911600.0
E'Twaun Moore,,,473604.0,762195.0,884293.0,948163.0,1015421.0,8801363.0,8445024.0,8808685.0,8664928.0
EJ Singler,,,,,,,,50000.0,,,
Earl Barron,,188558.0,185588.0,339726.0,,390063.0,,,,,
Earl Boykins,1191180.0,1352181.0,,,,,,,,,
Earl Clark,1766280.0,1898760.0,1160000.0,1240000.0,4361518.0,125104.0,,,,,
Earl Watson,9400000.0,1229255.0,2000000.0,2000000.0,1399507.0,,,,,,
Ed Davis,,1919160.0,2063040.0,2207040.0,3153860.0,981084.0,6980802.0,6666667.0,6352531.0,4449000.0,4767000.0
Eddie House,2862000.0,1352181.0,1352181.0,,,,,,,,
Eddy Curry,10500423.0,11530592.0,1229255.0,31629.0,,,,,,,
Edmond Sumner,,,,,,,,,77250.0,449794.0,2000000.0
Eduardo Najera,3100000.0,3000000.0,2750000.0,,,,,,,,
Egidijus Mockevicius,,,,,,,,100000.0,,,
Ekpe Udoh,,3065040.0,3294960.0,3524880.0,4469547.0,981084.0,,,3200000.0,3360000.0,
Elfrid Payton,,,,,,2397840.0,2505720.0,2613600.0,3332340.0,3000000.0,8000000.0
Elgin Cook,,,,,,,,50000.0,,,
Elias Harris,,,,,100000.0,,,,,,
Elie Okobo,,,,,,,,,,1238464.0,1416852.0
Elijah Millsap,,,,,,301417.0,352936.0,,,,
Elliot Williams,,1254720.0,1348800.0,1442880.0,797545.0,161511.0,57726.0,250000.0,,,
Elton Brand,14858471.0,15959099.0,17059727.0,18160354.0,4000000.0,2000000.0,890693.0,980000.0,,,
Emanuel Terry,,,,,,,,,,94740.0,
Emeka Okafor,10538937.0,11495000.0,12541812.0,13543250.0,14544687.0,,,,813293.0,,
Emmanuel Mudiay,,,,,,,3102240.0,3241800.0,3381480.0,4294479.0,1737145.0
Enes Kanter,,,4133280.0,4443360.0,4753320.0,6008106.0,16407500.0,17145838.0,17884176.0,19264603.0,4767000.0
Eric Bledsoe,,1485000.0,1596360.0,1707720.0,2626473.0,13000000.0,13500000.0,14000000.0,14500000.0,15000000.0,15625000.0
Eric Gordon,2819880.0,3016680.0,3831184.0,13668750.0,14283844.0,14898938.0,15514031.0,12385665.0,12943020.0,13500375.0,14057730.0
Eric Griffin,,,,,,,,,77250.0,,
Eric Maynor,1318920.0,1417800.0,1516680.0,2338720.0,2016000.0,2106720.0,,,,,
Eric Moreland,,,,,,507336.0,845059.0,,1740000.0,309859.0,
Eric Paschall,,,,,,,,,,,898310.0
Erick Dampier,12115500.0,1129469.0,850522.0,,,,,,,,
Erick Green,,,,,,507336.0,199418.0,,,,
Erik McCree,,,,,,,,,77250.0,,
Erik Murphy,,,,,455580.0,,,,,,
Ersan Ilyasova,2100000.0,2320500.0,2541000.0,7900000.0,7900000.0,7900000.0,7900000.0,8400000.0,6514288.0,7000000.0,7000000.0
Etan Thomas,7350000.0,1223166.0,,,,,,,,,
Evan Fournier,,,,1361400.0,1422720.0,1483920.0,2288204.0,17000000.0,17000000.0,17000000.0,17150000.0
Evan Turner,,4602720.0,4947840.0,5293080.0,6679866.0,3278000.0,3425510.0,16393443.0,17131148.0,17868853.0,18606556.0
Fab Melo,,,,1254720.0,1311240.0,,,,,,
Fabricio Oberto,3900000.0,992680.0,,,,,,,,,
Festus Ezeli,,,,1020960.0,1066920.0,1112880.0,2008748.0,7400000.0,1000000.0,,
Francisco Elson,1700000.0,1146337.0,305792.0,,,,,,,,
Francisco Garcia,5800000.0,5500000.0,5800000.0,6100000.0,1265977.0,1316809.0,,,,,
Frank Jackson,,,,,,,,,815615.0,1378242.0,1618520.0
Frank Kaminsky,,,,,,,2612520.0,2730000.0,2847600.0,3627842.0,4767000.0
Frank Mason,,,,,,,,,1184385.0,1378242.0,79568.0
Frank Ntilikina,,,,,,,,,3501120.0,4155720.0,4855800.0
Fred VanVleet,,,,,,,,543471.0,1312611.0,8653847.0,9346153.0
Furkan Aldemir,,,,,,2810305.0,2683841.0,,,,
Furkan Korkmaz,,,,,,,,,1465920.0,1740000.0,1620564.0
Gabe Vincent,,,,,,,,,,,79568.0
Gal Mekel,,,,,490180.0,888524.0,947276.0,,,,
Gani Lawal,,473640.0,,,,,,,,,
Garret Siler,,473640.0,51097.0,,,,,,,,
Garrett Temple,180344.0,170373.0,,572943.0,916099.0,981084.0,1100602.0,8000000.0,8000000.0,8000000.0,4767000.0
Garrison Mathews,,,,,,,,,,,79568.0
Gary Clark,,,,,,,,,,674122.0,718765.0
Gary Forbes,,473604.0,1500000.0,1500000.0,,,,,,,
Gary Harris,,,,,,1519200.0,1587480.0,1655880.0,2550055.0,16517857.0,18189286.0
Gary Neal,,525000.0,762195.0,972000.0,3250000.0,3250000.0,2139000.0,72193.0,,,
Gary Payton II,,,,,,,,578636.0,154500.0,85457.0,1052909.0
Gary Trent Jr,,,,,,,,,,838464.0,1416852.0
George Hill,1081680.0,1157160.0,2086360.0,8000000.0,8000000.0,8000000.0,8000000.0,8000000.0,20000000.0,19000000.0,10133907.0
George King,,,,,,,,,,77250.0,
Georges Niang,,,,,,,,650000.0,177250.0,1512601.0,1645357.0
Georgios Papagiannis,,,,,,,,2202240.0,2486757.0,2400480.0,
Gerald Green,,,516999.0,3500000.0,3500000.0,3500000.0,1362897.0,1410598.0,1381403.0,1512601.0,
Gerald Henderson,1957080.0,2103840.0,2250600.0,3101326.0,6000000.0,6000000.0,6000000.0,9000000.0,1000000.0,,
Gerald Wallace,9075000.0,10500000.0,9500000.0,9682435.0,10105855.0,10105855.0,10105855.0,,,,
Gian Clavell,,,,,,,,,77250.0,,
Giannis Antetokounmpo,,,,,1792560.0,1873200.0,1953960.0,2995420.0,22471911.0,24157304.0,25842697.0
Gigi Datome,,,,,1750000.0,1750000.0,,,,,
Gilbert Arenas,16192080.0,17730694.0,19269307.0,20807922.0,22346536.0,,,,,,
Glen Davis,3000000.0,3300000.0,6300000.0,6400000.0,6750000.0,7827985.0,,,,,
Glen Rice Jr,,,,,490180.0,470677.0,,,,,
Glenn Robinson III,,,,,,507336.0,1100000.0,1050500.0,1524305.0,4075000.0,1882867.0
Goga Bitadze,,,,,,,,,,,2816760.0
Goran Dragic,1836000.0,1972000.0,2108000.0,7500000.0,7500000.0,7500000.0,14783000.0,15891725.0,17000450.0,18109175.0,19217900.0
Gordon Hayward,,2356320.0,2532960.0,2709720.0,3452183.0,14746000.0,15409570.0,16073140.0,29727900.0,31214295.0,32700690.0
Gorgui Dieng,,,,,1352640.0,1413480.0,1474440.0,2348782.0,14112360.0,15170787.0,16229213.0
Grant Hill,3000000.0,3324000.0,6500000.0,1957000.0,,,,,,,
Grant Jerrett,,,,,,816482.0,,,,,
Grant Williams,,,,,,,,,,,2379840.0
Grayson Allen,,,,,,,,,,2076960.0,2429400.0
Greg Buckner,1000000.0,,,,,,,,,,
Greg Monroe,,2798040.0,3007920.0,3217680.0,4086453.0,5479933.0,16407500.0,17145838.0,21384175.0,2410167.0,
Greg Oden,5361240.0,6760524.0,1500000.0,,1027424.0,,,,,,
Greg Smith,,,301733.0,762195.0,884293.0,948163.0,197111.0,,,,
Greg Stiemsma,,,762195.0,2575000.0,2676000.0,981084.0,,,,,
Greivis Vasquez,,1035960.0,1113600.0,1191240.0,2150188.0,6400000.0,6600000.0,4347826.0,,,
Guerschon Yabusele,,,,,,,,,2247480.0,2667600.0,
Gustavo Ayon,,,1567500.0,1500000.0,1500000.0,,,,,,
Hakim Warrick,3000000.0,4250000.0,4000000.0,4000000.0,,,,,,,
Hamady N'Diaye,,473604.0,270427.0,,,,,,,,
Hamed Haddadi,1627779.0,1600000.0,1300000.0,1300000.0,200000.0,,,,,,
Hamidou Diallo,,,,,,,,,,838464.0,1416852.0
Harrison Barnes,,,,2798040.0,2923920.0,3049920.0,3873398.0,22116750.0,23112004.0,24107258.0,24147727.0
Harry Giles,,,,,,,,,1859400.0,2207040.0,2578800.0
Hasheem Thabeet,4458840.0,4793280.0,5127720.0,885120.0,1200000.0,,,,,,
Hassan Whiteside,,730437.0,762195.0,,,775191.0,981348.0,22116750.0,23775506.0,24434262.0,27093018.0
Haywood Highsmith,,,,,,,,,,77250.0,
Henry Ellenson,,,,,,,,1704120.0,1780800.0,2199311.0,
Henry Sims,,,,25073.0,788872.0,915243.0,161633.0,75000.0,,,
Henry Walker,736420.0,854389.0,885120.0,,,311634.0,,,,,
Hidayet Turkoglu,9000000.0,10215850.0,11015850.0,11815850.0,6650359.0,1448490.0,,,,,
Hilton Armstrong,2801198.0,992680.0,,,296138.0,,,,,,
Hollis Thompson,,,,,490180.0,816482.0,947276.0,1131040.0,,,
Ian Clark,,,,,490180.0,816481.0,947276.0,1015696.0,1577230.0,1757429.0,
Ian Mahinmi,1079640.0,762196.0,915852.0,4000000.0,4000000.0,4000000.0,4000000.0,16000000.0,16000000.0,16000000.0,15450051.0
Ignas Brazdeikis,,,,,,,,,,,898310.0
Ike Anigbogu,,,,,,,,,950000.0,1349383.0,
Ike Diogu,884881.0,608772.0,64028.0,,,,,,,,
Iman Shumpert,,,1563120.0,1680360.0,1797600.0,2761113.0,8988765.0,9662922.0,10337079.0,11011234.0,
Ime Udoka,838034.0,264232.0,,,,,,,,,
Isaac Bonga,,,,,,,,,,1000000.0,1416852.0
Isaac Humphries,,,,,,,,,,47370.0,
Isaiah Briscoe,,,,,,,,,,838464.0,
Isaiah Canaan,,,,,570515.0,816482.0,947276.0,1015696.0,1113863.0,744671.0,
Isaiah Cousins,,,,,,,,100000.0,,,
Isaiah Hartenstein,,,,,,,,,,838464.0,
Isaiah Hicks,,,,,,,,,77250.0,77250.0,
Isaiah Roby,,,,,,,,,,,1500000.0
Isaiah Taylor,,,,,,,,305000.0,1312611.0,,
Isaiah Thomas,,,473604.0,762195.0,884293.0,7238606.0,6912869.0,6587131.0,6261394.0,2029463.0,
Isaiah Whitehead,,,,,,,,1074145.0,1312611.0,726390.0,
Ishmael Smith,,473604.0,639254.0,985000.0,985000.0,1838615.0,1100602.0,6000000.0,6000000.0,6000000.0,6000000.0
Ivan Johnson,,,473604.0,962195.0,,,,,,,
Ivan Rabb,,,,,,,,,950000.0,1378242.0,
Ivica Zubac,,,,,,,,1034865.0,1312611.0,1544951.0,6481482.0
JJ Hickson,1429200.0,1528920.0,2354537.0,4000000.0,5150000.0,5381750.0,5583413.0,,,,
JJ O'Brien,,,,,,,30887.0,,,,
JJ Redick,2839408.0,7250000.0,6750000.0,6000000.0,6500000.0,6792500.0,7085000.0,7377500.0,23000000.0,12250000.0,13486300.0
JP Macura,,,,,,,,,,77250.0,106181.0
JP Tokoto,,,,,,,,100000.0,,,
JR Giddens,1028880.0,,,,,,,,,,
JR Smith,5508426.0,6757851.0,2382353.0,2806452.0,5565000.0,5982375.0,5000000.0,12800000.0,13760000.0,14720000.0,
Ja Morant,,,,,,,,,,,8730240.0
JaJuan Johnson,,,1042320.0,1120440.0,,,,,,,
JaKarr Sampson,,,,,,507336.0,1103547.0,,77250.0,85457.0,1737145.0
JaMychal Green,,,,,,244712.0,845059.0,980431.0,8533333.0,8066667.0,4767000.0
JaVale McGee,1496640.0,1601040.0,2462400.0,10000000.0,10750000.0,11250000.0,13270964.0,1403611.0,2116955.0,2393887.0,4000000.0
Jabari Bird,,,,,,,,,77250.0,1349383.0,
Jabari Brown,,,,,,104450.0,,,,,
Jabari Parker,,,,,,4930560.0,5152440.0,5374320.0,6782392.0,20000000.0,6500000.0
Jack Cooley,,,,,,152199.0,,,77250.0,,
Jacob Evans,,,,,,,,,,1646400.0,1925880.0
Jacob Pullen,,,,,,,,,77250.0,,
Jacob Wiley,,,,,,,,,77250.0,,
Jae Crowder,,,,600491.0,788872.0,915243.0,6796117.0,6286408.0,6796117.0,7305825.0,7815533.0
Jahlil Okafor,,,,,,,4582680.0,4788840.0,4995120.0,1567007.0,1702486.0
Jake Layman,,,,,,,,600000.0,1312611.0,1544951.0,3581986.0
Jakob Poeltl,,,,,,,,2703960.0,2825640.0,2947320.0,3754885.0
Jalen Brunson,,,,,,,,,,1230000.0,1416852.0
Jalen Jones,,,,,,,,25000.0,77250.0,77250.0,
Jalen Lecque,,,,,,,,,,,898310.0
Jalen McDaniels,,,,,,,,,,,898310.0
Jamaal Franklin,,,,,535000.0,864510.0,,,,,
Jamaal Magloire,1229225.0,1229255.0,1352181.0,,,,,,,,
Jamaal Tinsley,6190300.0,5500000.0,1229255.0,1352181.0,139951.0,,,,,,
Jamal Crawford,9360000.0,10800000.0,5000000.0,5000000.0,5225000.0,5450000.0,5675000.0,13253012.0,15270762.0,4698113.0,289803.0
Jamal Murray,,,,,,,,3210840.0,3355320.0,3499800.0,4444746.0
Jamario Moon,2750000.0,3000000.0,,,,,,,,,
Jameel Warney,,,,,,,,,46079.0,,
Jameer Nelson,6138888.0,7800000.0,7800000.0,8600000.0,8600000.0,4750000.0,4345000.0,4540525.0,6998920.0,,
Jamel Artis,,,,,,,,,77250.0,,
James Anderson,,1361400.0,1463520.0,902002.0,916099.0,,1015421.0,,,,
James Ennis,,,,,,507336.0,944477.0,2898000.0,3028410.0,1621415.0,1882867.0
James Harden,4054160.0,4304520.0,4604760.0,5820416.0,13668750.0,14693906.0,15719062.0,26540100.0,28299399.0,30570000.0,38199000.0
James Johnson,1594080.0,1713600.0,1833120.0,2812006.0,507409.0,2500000.0,2500000.0,4000000.0,13734000.0,14420700.0,15349400.0
James Jones,4320000.0,1069509.0,1500000.0,,1500000.0,1448490.0,1499187.0,1551659.0,,,
James Michael McAdoo,,,,,,259634.0,845059.0,980431.0,77250.0,,
James Nunnally,,,,,57668.0,,,,,663255.0,
James Posey,6031800.0,7148800.0,7595600.0,,,,,,,,
James Singleton,1030189.0,,,,,,,,,,
James Southerland,,,,,155704.0,,,,,,
James Webb,,,,,,,,65000.0,77250.0,,
James White,,,,854389.0,,,,,,,
James Young,,,,,,1674480.0,1749840.0,1825200.0,77250.0,,
JamesOn Curry,26917.0,,,,,,,,,,
Jamil Wilson,,,,,,,,,77250.0,,
Jan Vesely,,,3065040.0,3294960.0,3524880.0,,,,,,
Jannero Pargo,2000000.0,,1223166.0,696446.0,1399507.0,1448490.0,,,,,
Jared Cunningham,,,,1156320.0,1301208.0,,1039074.0,,,,
Jared Dudley,1307640.0,2151068.0,4250000.0,4250000.0,4250000.0,4250000.0,4250000.0,10470000.0,10000000.0,9530000.0,2564753.0
Jared Harper,,,,,,,,,,,79568.0
Jared Jeffries,6466600.0,6883800.0,1229255.0,1475106.0,,,,,,,
Jared Sullinger,,,,1306920.0,1365720.0,1424520.0,2269260.0,5628000.0,,,
Jared Terrell,,,,,,,,,,77250.0,
Jarell Eddie,,,,,,29843.0,349032.0,277898.0,166256.0,,
Jarell Martin,,,,,,,1230840.0,1286160.0,1471382.0,2416221.0,
Jaren Jackson,,,,,,,,,,5922720.0,6927480.0
Jarnell Stokes,,,,,,507336.0,845059.0,150000.0,,77250.0,
Jaron Blossomgame,,,,,,,,,,77250.0,
Jarred Vanderbilt,,,,,,,,,,838464.0,1416852.0
Jarrell Brantley,,,,,,,,,,,79568.0
Jarrett Allen,,,,,,,,,1713720.0,2034120.0,2376840.0
Jarrett Culver,,,,,,,,,,,5813640.0
Jarrett Jack,4500000.0,4600000.0,5000000.0,5580000.0,6300000.0,6300000.0,6300000.0,1571705.0,2328652.0,,
Jarrod Uthoff,,,,,,,,129920.0,,,
Jarron Collins,1181803.0,643551.0,,,,,,,,,
Jarvis Hayes,2062800.0,,,,,,,,,,
Jarvis Varnado,,,,314806.0,310908.0,75000.0,,,,,
Jason Collins,1181803.0,1352181.0,1352181.0,1352181.0,436316.0,,,,,,
Jason Hart,521384.0,,,,,,,,,,
Jason Kapono,6212960.0,6641440.0,1223166.0,,,,,,,,
Jason Kidd,8000000.0,8610500.0,10121000.0,3090000.0,,,,,,,
Jason Maxiell,5000000.0,5000000.0,5000000.0,5000000.0,2500000.0,1316809.0,,,,,
Jason Richardson,13333333.0,14444444.0,5395000.0,5799625.0,6204250.0,6601125.0,,,,,
Jason Smith,1418880.0,2187913.0,2500000.0,2500000.0,2500000.0,3278000.0,4300000.0,5000000.0,5225000.0,5450000.0,
Jason Terry,9862500.0,10650000.0,11158000.0,5000000.0,5225000.0,5450000.0,1499187.0,1551659.0,2328652.0,,
Jason Thompson,2035920.0,2178000.0,3001284.0,5250000.0,5643750.0,6037500.0,6752729.0,893333.0,893333.0,893333.0,
Jason Williams,1306455.0,1877145.0,,,,,,,,,
Javaris Crittenton,1477920.0,,,,,,,,,,
Javonte Green,,,,,,,,,,,898310.0
Jawad Williams,736420.0,321652.0,,,,,,,,,
Jawun Evans,,,,,,,,,815615.0,1455492.0,
Jaxson Hayes,,,,,,,,,,,4862040.0
Jaylen Adams,,,,,,,,,,236854.0,163356.0
Jaylen Brown,,,,,,,,4743000.0,4956480.0,5169960.0,6534829.0
Jaylen Hoard,,,,,,,,,,,79568.0
Jaylen Johnson,,,,,,,,,87551.0,,
Jaylen Morris,,,,,,,,,198143.0,77250.0,
Jaylen Nowell,,,,,,,,,,,1400000.0
Jayson Tatum,,,,,,,,,5645400.0,6700800.0,7830000.0
Jeff Adrien,,342666.0,270427.0,653356.0,916099.0,1217698.0,,,,,
Jeff Ayres,457588.0,,1500000.0,854389.0,1750000.0,1828750.0,251890.0,,,,
Jeff Foote,,,225341.0,,,,,,,,
Jeff Foster,6077500.0,6655000.0,3000000.0,,,,,,,,
Jeff Green,3516960.0,4455988.0,,8100000.0,8700000.0,9200000.0,9200000.0,15000000.0,2116955.0,2393887.0,840427.0
Jeff Teague,1373880.0,1476840.0,1579920.0,2433076.0,8000000.0,8000000.0,8000000.0,8000000.0,19000000.0,19000000.0,19000000.0
Jeff Withey,,,,,490180.0,816482.0,947276.0,1015696.0,593780.0,,
Jeffery Taylor,,,,550000.0,788872.0,915243.0,,,,,
Jemerrio Jones,,,,,,,,,,52170.0,
Jerami Grant,,,,,,884879.0,845059.0,980431.0,1524305.0,8333333.0,9346153.0
Jerel McNeal,,,,61289.0,,59686.0,,,,,
Jeremiah Martin,,,,,,,,,,,79568.0
Jeremy Evans,,473604.0,762195.0,1795000.0,1660000.0,1795000.0,1185784.0,1227286.0,154059.0,,
Jeremy Lamb,,,,2020200.0,2111160.0,2202000.0,3034356.0,7000000.0,7000000.0,7000000.0,10500000.0
Jeremy Lin,,473604.0,762195.0,5000000.0,5225000.0,14898938.0,2139000.0,11483254.0,12000000.0,12516746.0,
Jeremy Pargo,,,1000000.0,1313845.0,,,,,,,
Jeremy Tyler,,,650000.0,762195.0,556584.0,,,,,,
Jerian Grant,,,,,,,1572360.0,1643040.0,1713840.0,2639313.0,196288.0
Jermaine O'Neal,23016000.0,5765000.0,6226200.0,1352181.0,2000000.0,,,,,,
Jermaine Taylor,725000.0,780871.0,,,,,,,,,
Jerome James,6600000.0,,,,,,,,,,
Jerome Jordan,,,473604.0,,,816482.0,,,,,
Jerome Robinson,,,,,,,,,,3050160.0,3567720.0
Jerry Stackhouse,2668598.0,222712.0,1352181.0,1352181.0,,,,,,,
Jerryd Bayless,2143080.0,2292600.0,3042280.0,3100000.0,3135000.0,3000000.0,3000000.0,9424084.0,9000000.0,8575916.0,
Jevon Carter,,,,,,,,,,838464.0,1416852.0
Jimmer Fredette,,,2238360.0,2406240.0,2813399.0,948163.0,625167.0,,,198579.0,
Jimmy Butler,,,1020960.0,1097520.0,1174080.0,2119214.0,16407500.0,17552209.0,18696918.0,19841627.0,32742000.0
Joakim Noah,2455680.0,3128536.0,12000000.0,11050000.0,11600000.0,12700000.0,13400000.0,17000000.0,17765000.0,20261172.0,381360.0
Jodie Meeks,650000.0,762195.0,854389.0,1400000.0,1550000.0,6000000.0,6270000.0,6540000.0,3290000.0,3774176.0,
Joe Alexander,2583360.0,90465.0,,,,,,,,,
Joe Chealey,,,,,,,,,,77250.0,163356.0
Joe Harris,,,,,,884879.0,845059.0,980431.0,1524305.0,8333333.0,7666667.0
Joe Ingles,,,,,,507336.0,2100000.0,2100000.0,13636364.0,12545455.0,11454546.0
Joe Johnson,14976754.0,16324500.0,18038573.0,19752645.0,21466718.0,23180790.0,22309344.0,11000000.0,10254904.0,,
Joe Smith,1306455.0,1352181.0,,,,,,,,,
Joel Anthony,825497.0,3300000.0,3600000.0,3750000.0,3800000.0,3800000.0,2500000.0,663810.0,,,
Joel Bolomboy,,,,,,,,600000.0,708200.0,,
Joel Embiid,,,,,,4427640.0,4626960.0,4826160.0,6100266.0,25467250.0,27504630.0
Joel Freeland,,,,2900000.0,3000000.0,3100000.0,,,,,
Joel Przybilla,6857725.0,7405300.0,1145027.0,1352181.0,,,,,,,
Joey Dorsey,881000.0,854389.0,,,,948163.0,1015421.0,,,,
Joey Graham,884881.0,992680.0,,,,,,,,,
Joffrey Lauvergne,,,,,,1790281.0,1709719.0,1709719.0,1524305.0,,
Johan Petro,884881.0,3250000.0,3250000.0,3500000.0,,,,,,,
John Collins,,,,,,,,,1936920.0,2299080.0,2686560.0
John Henson,,,,1823280.0,1905360.0,1987320.0,2943220.0,12267606.0,11422536.0,10577466.0,9732396.0
John Holland,,,,,,,9266.0,,77250.0,77250.0,
John Jenkins,,,,1204560.0,1258800.0,1312920.0,981349.0,1050961.0,,585809.0,
John Konchar,,,,,,,,,,,79568.0
John Lucas,,208264.0,915852.0,1500000.0,1600000.0,491968.0,,580344.0,,,
John Salmons,5456000.0,8000000.0,8500000.0,8080000.0,7580000.0,1000000.0,,,,,
John Wall,,5144280.0,5530080.0,5915880.0,7459924.0,13701250.0,14728844.0,15756438.0,18063850.0,19169800.0,38199000.0
Johnathan Motley,,,,,,,,,77250.0,77250.0,79568.0
Johnathan Williams,,,,,,,,,,127250.0,161245.0
Johnny O'Bryant,,,,,,600000.0,845059.0,392169.0,1524305.0,,
Jon Brockman,457588.0,1000000.0,1000000.0,1000000.0,,,,,,,
Jon Leuer,,,473604.0,762195.0,900000.0,967500.0,1035000.0,10991957.0,10497319.0,10002681.0,
Jonah Bolden,,,,,,,,,,1690000.0,89846.0
Jonas Jerebko,457588.0,762195.0,4500000.0,4500000.0,4500000.0,4500000.0,5000000.0,5000000.0,4000000.0,2165481.0,
Jonas Valanciunas,,,,3374640.0,3526440.0,3678360.0,4660482.0,14382023.0,15460675.0,16539326.0,16000000.0
Jonathan Bender,801361.0,,,,,,,,,,
Jonathan Gibson,,,,,,,,671346.0,74158.0,76236.0,
Jonathan Holmes,,,,,,,100000.0,,,,
Jonathan Isaac,,,,,,,,,4186320.0,4969080.0,5806440.0
Jonathon Simmons,,,,,,,525093.0,874636.0,6300000.0,6000000.0,
Jonny Flynn,2969280.0,3192000.0,3414720.0,,,,,,,,
Jontay Porter,,,,,,,,,,,197933.0
Jordan Adams,,,,,,1344120.0,1404600.0,1465080.0,,,
Jordan Bell,,,,,,,,,815615.0,1378242.0,250000.0
Jordan Bone,,,,,,,,,,,79568.0
Jordan Clarkson,,,,,,507336.0,845059.0,12500000.0,11562500.0,12500000.0,13437500.0
Jordan Crawford,,1042320.0,1120440.0,1198680.0,2162418.0,,,234920.0,1709538.0,,
Jordan Farmar,1947240.0,3750000.0,4000000.0,1500000.0,1106942.0,2100000.0,2291455.0,82976.0,,,
Jordan Hamilton,,,1073286.0,1153800.0,1234320.0,1232610.0,119461.0,,,,
Jordan Hill,2483280.0,2669520.0,2855760.0,3500000.0,3500000.0,9000000.0,4000000.0,4000000.0,,,
Jordan Loyd,,,,,,,,,,77250.0,
Jordan McLaughlin,,,,,,,,,,,79568.0
Jordan McRae,,,,,,,172971.0,874636.0,,77250.0,1254933.0
Jordan Mickey,,,,,,,1170960.0,1223653.0,1471382.0,,
Jordan Poole,,,,,,,,,,,1964760.0
Jordan Sibert,,,,,,,,,,47370.0,
Jordan Williams,,,473604.0,420000.0,,,,,,,
Jorge Gutierrez,,,,,121103.0,960566.0,300899.0,,,,
Jose Calderon,8219009.0,9000000.0,9780992.0,11046591.0,6791570.0,7097191.0,7402812.0,7708427.0,2328652.0,2393887.0,
Jose Juan Barea,1657500.0,1815000.0,4300000.0,4493000.0,4687000.0,5822078.0,4290000.0,4096950.0,3903900.0,3710850.0,2564753.0
Joseph Young,,,,,,,1007026.0,1052342.0,1471382.0,,
Josh Akognon,,,,41788.0,,,,,,,
Josh Boone,2056968.0,,,,,,,,,,
Josh Childress,,6500000.0,6000000.0,6890056.0,7405833.0,7317500.0,,,,,
Josh Davis,,,314041.0,,,20000.0,,,,,
Josh Gray,,,,,,,,,92159.0,,79568.0
Josh Harrellson,,,473604.0,358680.0,884293.0,,,,,,
Josh Hart,,,,,,,,,1394520.0,1655160.0,1934160.0
Josh Howard,10890000.0,3000000.0,2150000.0,1113560.0,,,,,,,
Josh Huestis,,,,,,,1140240.0,1191480.0,1471382.0,,
Josh Jackson,,,,,,,,,5090040.0,6041520.0,7059480.0
Josh Magette,,,,,,,,,77250.0,,
Josh McRoberts,825497.0,885120.0,3000000.0,3135000.0,2652000.0,5305000.0,5543725.0,5782450.0,6021175.0,,
Josh Okogie,,,,,,,,,,2163600.0,2530680.0
Josh Powell,959111.0,1069609.0,,,,,,,,,
Josh Reaves,,,,,,,,,,,79568.0
Josh Richardson,,,,,,,525093.0,874636.0,1471382.0,9367200.0,10116576.0
Josh Selby,,,550000.0,762195.0,,,,,,,
Josh Smith,10800000.0,11600000.0,12400000.0,13200000.0,14000000.0,14945778.0,6830916.0,5331729.0,5514806.0,5331729.0,
Jrue Holiday,1514280.0,1627920.0,1741440.0,2674851.0,11000000.0,11000000.0,11000000.0,11000000.0,25686667.0,26641111.0,26131111.0
Juan Hernangomez,,,,,,,,1987440.0,2076840.0,2166360.0,3321029.0
Juan Toscano-Anderson,,,,,,,,,,,350189.0
Julian Washburn,,,,,,,,,,77250.0,
Julian Wright,2000040.0,2858057.0,,,,,,,,,
Julius Randle,,,,,,2997360.0,3132240.0,3267120.0,4149242.0,8641000.0,18000000.0
Julyan Stone,,,473604.0,762195.0,884293.0,,,50000.0,1524305.0,,
Justin Anderson,,,,,,,1449000.0,1514160.0,1579440.0,2516047.0,
Justin Bibbs,,,,,,,,,,92159.0,
Justin Dentmon,,,,44835.0,,,,,,,
Justin Hamilton,,,,,126870.0,816482.0,,3000000.0,1000000.0,1000000.0,
Justin Harper,,,473604.0,762195.0,,,99418.0,,,,
Justin Holiday,,,,76220.0,,816482.0,947276.0,1015696.0,4500000.0,4500000.0,4767000.0
Justin Jackson,,,,,,,,,2365560.0,2807880.0,3280920.0
Justin James,,,,,,,,,,,898310.0
Justin Patton,,,,,,,,,2247480.0,2667600.0,483115.0
Justin Wright-Foreman,,,,,,,,,,,79568.0
Justise Winslow,,,,,,,2481720.0,2593440.0,2705040.0,3448926.0,13000000.0
Jusuf Nurkic,,,,,,1762680.0,1842000.0,1921320.0,2947304.0,11111111.0,12000000.0
Juwan Howard,1306455.0,1352181.0,1352181.0,373838.0,,,,,,,
Juwan Morgan,,,,,,,,,,,746054.0
KJ McDaniels,,,,,,507336.0,3189794.0,3333333.0,100000.0,,
KZ Okpala,,,,,,,,,,,898310.0
Kadeem Allen,,,,,,,,,77250.0,77250.0,
Kaleb Tarczewski,,,,,,,,75000.0,,,
Kalin Lucas,,,,,,173008.0,,,,648008.0,
Kareem Rush,534906.0,,,,,,,,,,
Karl-Anthony Towns,,,,,,,5703600.0,5960160.0,6216840.0,7839435.0,27285000.0
Kawhi Leonard,,,1731960.0,1861920.0,1991760.0,3053368.0,16407500.0,17638063.0,18868625.0,23114066.0,32742000.0
Kay Felder,,,,,,,,543471.0,551866.0,,
Keenan Evans,,,,,,,,,,77250.0,
Keita Bates-Diop,,,,,,,,,,838464.0,1416852.0
Keith Appling,,,,,,,61775.0,,,,
Keith Benson,,,,,,,,75000.0,,,
Keith Bogans,1033342.0,1600000.0,848266.0,854389.0,5058198.0,,,,,,
Kelan Martin,,,,,,,,,,,79568.0
Keldon Johnson,,,,,,,,,,,1950600.0
Kelenna Azubuike,3132000.0,3300000.0,,992680.0,,,,,,,
Kelly Olynyk,,,,,1986360.0,2075760.0,2165160.0,3094013.0,12007169.0,13537527.0,12667885.0
Kelly Oubre,,,,,,,1920240.0,2006640.0,2093040.0,3208630.0,15625000.0
Kemba Walker,,,2356320.0,2532960.0,2709720.0,3452183.0,12000000.0,12000000.0,12000000.0,12000000.0,32742000.0
Kendall Marshall,,,,1919160.0,547570.0,915243.0,2144772.0,,,,
Kendrick Nunn,,,,,,,,,,47370.0,1416852.0
Kendrick Perkins,4250000.0,4640208.0,7123626.0,7800531.0,8477437.0,9588889.0,1499187.0,,131562.0,,
Kenneth Faried,,,1254720.0,1348800.0,1442880.0,2373537.0,11235955.0,12078652.0,12921348.0,14242782.0,
Kenny Thomas,8775000.0,,,,,,,,,,
Kenny Wooten,,,,,,,,,,,79568.0
Kenrich Williams,,,,,,,,,,838464.0,1416852.0
Kent Bazemore,,,,473604.0,762195.0,2000000.0,2000000.0,15730337.0,16910112.0,18089888.0,19269663.0
Kentavious Caldwell-Pope,,,,,2653080.0,2772480.0,2891760.0,3678319.0,17745894.0,12000000.0,8139282.0
Kenyon Martin,15363636.0,16545454.0,2500000.0,429516.0,1399507.0,818049.0,,,,,
Kevin Durant,4796880.0,6053663.0,15506632.0,17548838.0,18773176.0,19997513.0,21971850.0,26540100.0,25000000.0,30000000.0,37199000.0
Kevin Garnett,16400000.0,18800000.0,21247044.0,12467532.0,11532468.0,12000000.0,8500000.0,8000000.0,,,
Kevin Hervey,,,,,,,,,,,79568.0
Kevin Huerter,,,,,,,,,,2250960.0,2636280.0
Kevin Jones,,,,390000.0,,,,,,,
Kevin Knox,,,,,,,,,,3744840.0,4380120.0
Kevin Love,3401040.0,3638280.0,4609701.0,13668750.0,14693906.0,15719063.0,19689000.0,21165675.0,22642350.0,24119025.0,28942830.0
Kevin Martin,10180170.0,11100005.0,11519840.0,12939675.0,6500000.0,6792500.0,7402474.0,3336000.0,,,
Kevin Murphy,,,,473604.0,,,,,,,
Kevin Ollie,1306455.0,,,,,,,,,,
Kevin Porter,,,,,,,,,,,1290960.0
Kevin Seraphin,,1563120.0,1680360.0,1797600.0,2761113.0,3898691.0,2814000.0,1800000.0,,,
Kevon Looney,,,,,,,1131960.0,1182840.0,1471382.0,1567007.0,4464286.0
Keyon Dooling,3564000.0,2000000.0,2246400.0,1471491.0,,,,,,,
Khem Birch,,,,,,,,,815615.0,1378242.0,3000000.0
Khris Middleton,,,,473604.0,788872.0,915243.0,14700000.0,15200000.0,14100000.0,13000000.0,30603448.0
Khyri Thomas,,,,,,,,,,838464.0,1416852.0
Kim English,,,,473604.0,,,,,,,
Kirk Hinrich,9500000.0,9000000.0,8100000.0,3941000.0,4059000.0,2730000.0,2870000.0,,,,
Klay Thompson,,,2126520.0,2222160.0,3245151.0,3075880.0,15501000.0,16663575.0,17826150.0,18988725.0,32742000.0
Kobe Bryant,23034375.0,24806250.0,25244493.0,27849000.0,30453000.0,23500000.0,25000000.0,,,,
Kobi Simmons,,,,,,,,,77250.0,76236.0,79568.0
Kosta Koufos,1214040.0,1352640.0,2203792.0,3000000.0,3000000.0,3000000.0,7700000.0,8046500.0,8393000.0,8739500.0,
Kostas Antetokounmpo,,,,,,,,,,77250.0,79568.0
Kostas Papanikolaou,,,,,,4797664.0,800320.0,,,,
Kris Dunn,,,,,,,,3872520.0,4046760.0,4221000.0,5348007.0
Kris Humphries,3200000.0,3200000.0,8000000.0,12000000.0,12000000.0,4250000.0,4440000.0,8630000.0,,,
Kris Joseph,,,,225657.0,,,,,,,
Kristaps Porzingis,,,,,,,4131720.0,4317720.0,4503600.0,5697054.0,27285000.0
Kurt Thomas,3800000.0,1352181.0,1352181.0,1352181.0,,,,,,,
Kwame Brown,4100000.0,1229255.0,6750000.0,3000000.0,3000000.0,,,,,,
Ky Bowman,,,,,,,,,,,350189.0
Kyle Alexander,,,,,,,,,,,79568.0
Kyle Anderson,,,,,,1093680.0,1142880.0,1192080.0,2151704.0,8641000.0,9073050.0
Kyle Collinsworth,,,,,,,,70000.0,595702.0,,
Kyle Guy,,,,,,,,,,,79568.0
Kyle Korver,5155115.0,5000000.0,5000000.0,5000000.0,6760563.0,6253521.0,5746479.0,5239437.0,7000000.0,7560000.0,2564753.0
Kyle Kuzma,,,,,,,,,1423560.0,1689840.0,1974600.0
Kyle Lowry,2034997.0,5750000.0,5750000.0,5750000.0,6210000.0,12000000.0,12000000.0,12000000.0,28903704.0,32700000.0,33296296.0
Kyle O'Quinn,,,,788872.0,788872.0,915243.0,3750000.0,3918750.0,4087500.0,4449000.0,2174318.0
Kyle Singler,,,,1000000.0,1045000.0,1090000.0,4500000.0,4837500.0,4666500.0,1665333.0,
Kyle Weaver,870968.0,,,,,,,,,,
Kyle Wiltjer,,,,,,,,543471.0,,,
Kyrie Irving,,,5144280.0,5530080.0,5915880.0,7459924.0,16407500.0,17638063.0,18868626.0,20099189.0,31742000.0
Kyrylo Fesenko,870000.0,1087500.0,,,,,,,,,
LaMarcus Aldridge,5844827.0,11244000.0,12372000.0,13000000.0,14100000.0,15200000.0,19689000.0,20575005.0,21461010.0,22347015.0,26000000.0
Lamar Odom,7500000.0,8200000.0,8900000.0,8200000.0,,,,,,,
Lamar Patterson,,,,,,,525093.0,242963.0,,,
Lance Stephenson,,750000.0,810000.0,915243.0,981349.0,9000000.0,9000000.0,5371672.0,4180000.0,4449000.0,
Lance Thomas,,,328444.0,762195.0,884293.0,937004.0,1636842.0,6191000.0,6655325.0,7119650.0,
Landry Fields,,473604.0,762195.0,5000000.0,5225000.0,8500000.0,,,,,
Landry Nnoko,,,,,,,,,50000.0,,
Landry Shamet,,,,,,,,,,1705920.0,1995120.0
Langston Galloway,,,,,,295455.0,845059.0,5200000.0,6666667.0,7000000.0,7333333.0
Larry Drew II,,,,,,53716.0,,,222474.0,,
Larry Hughes,13655268.0,,414443.0,,,,,,,,
Larry Nance Jr,,,,,,,1155600.0,1207680.0,1471382.0,2272390.0,12727273.0
Larry Owens,,55718.0,86052.0,,,,,,,,
Larry Sanders,,1731960.0,1861920.0,1991760.0,3053368.0,11000000.0,5000000.0,5207722.0,5000000.0,,
Lauri Markkanen,,,,,,,,,3821640.0,4536120.0,5300400.0
Lavoy Allen,,,473604.0,3000000.0,3120000.0,948163.0,3550000.0,3500000.0,3500000.0,,
Lazar Hayward,,1020960.0,1097520.0,1209260.0,,,,,,,
LeBron James,15779912.0,14500000.0,16022500.0,17545000.0,19067500.0,20644400.0,22970500.0,30963450.0,33285709.0,35654150.0,37436858.0
Leandro Barbosa,6600000.0,7100000.0,7600000.0,1229255.0,650359.0,1448490.0,2500000.0,4000000.0,500000.0,,
Leon Powe,855189.0,915852.0,,,,,,,,,
Lester Hudson,392987.0,192791.0,,,,111548.0,,,,,
Linas Kleiza,,4995000.0,4605000.0,4600000.0,4600000.0,,,,,,
Lindsey Hunter,1306455.0,,,,,,,,,,
Livio Jean-Charles,,,,,,,,1188840.0,1242240.0,,
London Perrantes,,,,,,,,,77250.0,,
Lonnie Walker,,,,,,,,,,2360160.0,2764200.0
Lonzo Ball,,,,,,,,,6286560.0,7461960.0,8719320.0
Lorenzo Brown,,,,,,390082.0,222888.0,,77250.0,800000.0,
Louis Amundson,855189.0,2225000.0,2403000.0,1365196.0,,1294868.0,1700000.0,980431.0,,,
Louis King,,,,,,,,,,,79568.0
Louis Williams,4972500.0,5000000.0,5176000.0,5000000.0,5225000.0,5450000.0,7000000.0,7000000.0,7000000.0,8000000.0,8000000.0
Luc Mbah a Moute,736420.0,854389.0,5000000.0,4794192.0,4588384.0,4382576.0,1270964.0,2203000.0,2116955.0,4320500.0,
Lucas Nogueira,,,,,,1762680.0,1842000.0,1921320.0,2947304.0,,
Luguentz Dort,,,,,,,,,,,155647.0
Luis Montero,,,,,,,525093.0,,77250.0,,
Luis Scola,3375600.0,7775378.0,8591793.0,4500000.0,4500000.0,4500000.0,2900000.0,5000000.0,,,
Luka Doncic,,,,,,,,,,6569040.0,7683360.0
Luka Samanic,,,,,,,,,,,2689920.0
Luke Babbitt,,1645440.0,1768800.0,1892280.0,387995.0,981084.0,1100602.0,1227286.0,1974159.0,,
Luke Harangody,,473604.0,762195.0,1054389.0,,,,,,,
Luke Kennard,,,,,,,,,2759280.0,3275280.0,3827160.0
Luke Kornet,,,,,,,,,77250.0,1619260.0,2250000.0
Luke Ridnour,6500000.0,4000000.0,3680000.0,4000000.0,4320000.0,2750000.0,,,,,
Luke Walton,4840000.0,5260000.0,5680000.0,6091363.0,,,,,,,
Luke Zeller,,,,473604.0,,,,,,,
Luol Deng,10370425.0,11345000.0,12325000.0,13326700.0,14312125.0,9714461.0,10151612.0,18000000.0,17190000.0,16747954.0,
Luther Head,884881.0,992680.0,,,,,,,,,
Maalik Wayns,,,,334308.0,361952.0,,,,,,
Malachi Richardson,,,,,,,,1439880.0,1504560.0,1569360.0,
Malcolm Brogdon,,,,,,,,875000.0,1312611.0,1544951.0,20000000.0
Malcolm Delaney,,,,,,,,2500000.0,2500000.0,,
Malcolm Lee,,,500000.0,762195.0,,37686.0,,,,,
Malcolm Miller,,,,,,,,,77250.0,457418.0,1588231.0
Malcolm Thomas,,,103104.0,179340.0,702233.0,713910.0,,,,,
Malik Allen,1300000.0,1229255.0,,,,,,,,,
Malik Beasley,,,,,,,,1627320.0,1700640.0,1773840.0,2731713.0
Malik Hairston,736420.0,,,,,,,,,,
Malik Monk,,,,,,,,,2904480.0,3447480.0,4028400.0
Malik Newman,,,,,,,,,,,65978.0
Mangok Mathiang,,,,,,,,,77250.0,,
Manny Harris,,473604.0,122942.0,,104034.0,,,119493.0,,,
Manu Ginobili,10728130.0,11854584.0,12981038.0,14107492.0,7000000.0,7000000.0,2814000.0,14000000.0,2500000.0,2500000.0,
MarShon Brooks,,,1110120.0,1193280.0,1276560.0,,,,86118.0,1656092.0,
Marc Gasol,3240000.0,3480000.0,12922194.0,13891359.0,14860523.0,15829688.0,19689000.0,21165675.0,22642350.0,24119025.0,25595700.0
Marcelo Huertas,,,,,,,525093.0,1500000.0,,,
Marcin Gortat,5854000.0,6322320.0,6790640.0,7258960.0,7727280.0,10434782.0,11217391.0,12000000.0,12782609.0,13565218.0,
Marco Belinelli,1547640.0,2380270.0,3377604.0,1957000.0,2750000.0,2873750.0,6060606.0,6333333.0,7082277.0,6153846.0,5846154.0
Marcus Banks,4553793.0,4847586.0,,,,,,,,,
Marcus Camby,7650000.0,11749832.0,11227250.0,4590338.0,3383773.0,8354416.0,,,,,
Marcus Derrickson,,,,,,,,,,77250.0,
Marcus Georges-Hunt,,,,,,,,88936.0,1312611.0,,
Marcus Haislip,825497.0,,,,,,,,,,
Marcus Landry,457588.0,,,,,,,,,,
Marcus Morris,,,1823280.0,1959960.0,2096760.0,3105301.0,5000000.0,4625000.0,5000000.0,5375000.0,15000000.0
Marcus Paige,,,,,,,,125000.0,77250.0,,
Marcus Smart,,,,,,3283320.0,3431040.0,3578880.0,4538019.0,11160716.0,12553571.0
Marcus Thornton,457888.0,762195.0,7000000.0,7632500.0,8165000.0,8697500.0,1436891.0,1315448.0,,,
Marcus Thornton II,,,,,,,,,46079.0,,
Marcus Williams,855189.0,,,,,,,,,,
Mardy Collins,1867742.0,,,,,,,,,,
Marial Shayok,,,,,,,,,,,79568.0
Mario Chalmers,773500.0,854389.0,4000000.0,4000000.0,4000000.0,4000000.0,4300000.0,,2106407.0,,
Mario Hezonja,,,,,,,3741480.0,3909840.0,4078320.0,6500000.0,1737145.0
Mario West,446740.0,,,,,,,,,,
Mark Blount,7962500.0,,,,,,,,,,
Mark Madsen,2840000.0,,,,,,,,,,
Markel Brown,,,,,,507336.0,845059.0,,77250.0,,
Markelle Fultz,,,,,,,,,7026240.0,8339880.0,9745200.0
Markieff Morris,,,1919160.0,2063040.0,2207040.0,3153860.0,8000000.0,7400000.0,8000000.0,9173294.0,2259887.0
Marko Guduric,,,,,,,,,,,2625000.0
Marko Jaric,7100000.0,7625000.0,,,,,,,,,
Marquese Chriss,,,,,,,,2941440.0,3073800.0,3206160.0,
Marquis Daniels,1990000.0,2470000.0,1223166.0,1229255.0,,,,,,,
Marquis Teague,,,,857000.0,1074720.0,1120920.0,,,157944.0,,
Marreese Speights,1658280.0,1773960.0,2721255.0,4200000.0,3500000.0,3657500.0,3815500.0,1403611.0,2116955.0,,
Marshall Plumlee,,,,,,,,543471.0,77250.0,,
Martell Webster,4344000.0,4800000.0,5256000.0,2200000.0,5150000.0,5381750.0,5713500.0,2500000.0,,,
Marvin Bagley,,,,,,,,,,7314960.0,8556120.0
Marvin Williams,7500000.0,6712500.0,7500000.0,8287500.0,7500000.0,7000000.0,7000000.0,12250000.0,13168750.0,14087500.0,604278.0
Mason Plumlee,,,,,1298640.0,1357080.0,1415520.0,2328530.0,14041096.0,12917808.0,14041096.0
Matisse Thybulle,,,,,,,,,,,2582160.0
Matt Barnes,1600000.0,1765000.0,1906200.0,854389.0,3250000.0,3396250.0,3542500.0,6508351.0,6400625.0,,
Matt Bonner,3240380.0,3000000.0,3315000.0,3630000.0,3945000.0,1448490.0,1499187.0,,,,
Matt Carroll,4700000.0,4300000.0,3900000.0,3500000.0,,,,,,,
Matt Costello,,,,,,,,50000.0,77250.0,,
Matt Harpring,6500000.0,,,,,,,,,,
Matt Janning,,58504.0,,,,,,,,,
Matt Mooney,,,,,,,,,,,79568.0
Matt Thomas,,,,,,,,,,,898310.0
Matt Williams,,,,,,,,,77250.0,,
Matthew Dellavedova,,,,,490180.0,816482.0,1347276.0,9607500.0,9607500.0,9607500.0,9607500.0
Maurice Ager,,83305.0,,,,,,,,,
Maurice Evans,2500000.0,2500000.0,1223166.0,,,,,,,,
Maurice Ndour,,,,,,,525093.0,543471.0,,,
Maurice Williams,8860000.0,9300000.0,8500000.0,8500000.0,2652000.0,3750000.0,2100000.0,2194500.0,,,
Max Strus,,,,,,,,,,,79568.0
Maxi Kleber,,,,,,,,,815615.0,1378242.0,8000000.0
Mehmet Okur,9000000.0,9945000.0,10890000.0,,,,,,,,
Melvin Ely,,1223166.0,,,74469.0,,,,,,
Melvin Frazier,,,,,,,,,,1050000.0,1416852.0
Metta World Peace,5854000.0,6322320.0,6790640.0,7258960.0,9317280.0,250000.0,1499187.0,1551659.0,,,
Meyers Leonard,,,,2126520.0,2222160.0,2317920.0,3075879.0,9213484.0,9904495.0,10595506.0,11286515.0
Mfiondu Kabengele,,,,,,,,,,,1977000.0
Michael Beasley,4638600.0,4962240.0,6262347.0,5750000.0,7027424.0,330225.0,306526.0,1403611.0,2116955.0,3500000.0,
Michael Carter-Williams,,,,,2200920.0,2300040.0,2399040.0,3183526.0,2700000.0,1468082.0,2028594.0
Michael Finley,2500000.0,,,,,,,,,,
Michael Frazier,,,,,,,525093.0,,,47370.0,79568.0
Michael Gbinije,,,,,,,,650000.0,500000.0,,
Michael Kidd-Gilchrist,,,,4602720.0,4809840.0,5016960.0,6331403.0,13000000.0,13000000.0,13000000.0,595122.0
Michael Porter,,,,,,,,,,2894160.0,3389400.0
Michael Redd,17040000.0,18300000.0,1308506.0,,,,,,,,
Michael Young,,,,,,,,,77250.0,,
Micheal Eric,,,,300000.0,,,,,,,
Mickael Gelabale,,,,452323.0,,,,,,,
Mickael Pietrus,5300000.0,5300000.0,6523166.0,1005096.0,,,,,,,
Mickell Gladness,,,248263.0,,,,,,,,
Mikal Bridges,,,,,,,,,,3557400.0,4161000.0
Mike Bibby,6217617.0,5564767.0,1352181.0,,,,,,,,
Mike Conley,3883800.0,4913007.0,6611571.0,7180000.0,7900000.0,8760000.0,9680000.0,26540100.0,28530608.0,30521115.0,32511623.0
Mike Dunleavy,9780992.0,10561984.0,3750000.0,3750000.0,3000000.0,3000000.0,4837500.0,4837500.0,1600000.0,,
Mike Harris,64978.0,,,,,,,,,,
Mike James,6466600.0,,277566.0,795400.0,889097.0,,,,164802.0,,
Mike Miller,9750000.0,5000000.0,5400000.0,5800000.0,7599507.0,9332000.0,4354127.0,3500000.0,,,
Mike Muscala,,,,,161471.0,816482.0,947276.0,1015696.0,5000000.0,5000000.0,2028594.0
Mike Scott,,,,473604.0,788872.0,3333333.0,3333333.0,3333333.0,1709538.0,4320500.0,4767000.0
Mike Tobey,,,,,,,,138937.0,,,
Mike Wilks,175908.0,,,,,,,,,,
Mikki Moore,2537952.0,,,,,,,,,,
Miles Bridges,,,,,,,,,,3206640.0,3755400.0
Miles Plumlee,,,,1073280.0,1121520.0,1169880.0,2109293.0,12400000.0,12400000.0,12400000.0,
Milos Teodosic,,,,,,,,,6000000.0,6300000.0,
Milton Doyle,,,,,,,,,127250.0,,
Mindaugas Kuzminskas,,,,,,,,2898000.0,3028410.0,,
Miroslav Raduljica,,,,,490180.0,1596056.0,,,,,
Mirza Teletovic,,,,3090000.0,3229050.0,3368100.0,5500000.0,10500000.0,10500000.0,10500000.0,
Mitch Creek,,,,,,,,,,56845.0,
Mitch McGary,,,,,,1400040.0,1463040.0,1526040.0,,,
Mitchell Creek,,,,,,,,,,47370.0,
Mitchell Robinson,,,,,,,,,,1485440.0,1559712.0
Miye Oni,,,,,,,,,,,898310.0
Mo Bamba,,,,,,,,,,4871280.0,5697600.0
Moe Harkless,,,,1731960.0,1809840.0,1887840.0,2894058.0,8988764.0,10662922.0,10837079.0,11011234.0
Monta Ellis,11000000.0,11000000.0,11000000.0,11000000.0,8360000.0,8720000.0,10300000.0,10763500.0,2245400.0,2245400.0,
Monte Morris,,,,,,,,,77250.0,1349383.0,1588231.0
Montrezl Harrell,,,,,,,1000000.0,1045000.0,1471382.0,6000000.0,6000000.0
Moritz Wagner,,,,,,,,,,1764240.0,2063520.0
Morris Peterson,6212960.0,6665000.0,,,,,,,,,
Moses Brown,,,,,,,,,,,79568.0
Mustafa Shakur,,89670.0,,,46404.0,,,,,,
Mychal Mulder,,,,,,,,,,,187782.0
Mychel Thompson,,,168035.0,,,,,,,,
Myke Henry,,,,,,,,,77250.0,,
Myles Turner,,,,,,,2277960.0,2380440.0,2483040.0,3294994.0,18000000.0
Nando De Colo,,,,1400000.0,1463000.0,,,,,,
Nassir Little,,,,,,,,,,,2105520.0
Nate Robinson,4000000.0,4200000.0,5483307.0,1146337.0,2016000.0,2106720.0,26456.0,,,,
Nate Wolters,,,,,490180.0,904854.0,,50000.0,77250.0,,
Nathan Jawai,736420.0,,,,,,,,,,
Naz Long,,,,,,,,,167158.0,77250.0,79568.0
Naz Reid,,,,,,,,,,,898310.0
Nazr Mohammed,6466600.0,6883800.0,3750000.0,1352181.0,1399507.0,1448490.0,352749.0,,,,
Nemanja Bjelica,,,,,,,3950000.0,3800000.0,3950000.0,6500000.0,6825000.0
Nemanja Nedovic,,,,,1056720.0,1104240.0,,,,,
Nenad Krstic,5400000.0,5543116.0,,,,,,,,,
Nen,10520000.0,11360000.0,13000000.0,13000000.0,13000000.0,13000000.0,13000000.0,2898000.0,3477600.0,3651480.0,
Nerlens Noel,,,,,3172320.0,3315120.0,3457800.0,4384490.0,4187599.0,1757429.0,1882867.0
Nick Calathes,,,,,490180.0,816482.0,,,,,
Nick Collison,6250000.0,13250000.0,3272997.0,2929332.0,2585668.0,2242003.0,3750000.0,3750000.0,2328652.0,,
Nick Johnson,,,,,,507336.0,845059.0,980431.0,,,
Nick Young,1714800.0,2630503.0,3695857.0,6000000.0,1106942.0,4994420.0,5219169.0,5443918.0,5192000.0,284020.0,
Nick Zeisloft,,,,,,,,25000.0,,,
Nickeil Alexander-Walker,,,,,,,,,,,2964840.0
Nicolas Batum,1118760.0,1196760.0,2155365.0,11950000.0,10920250.0,11390500.0,11860750.0,20869566.0,22434783.0,24000000.0,25565217.0
Nicolas Brussino,,,,,,,,543471.0,393041.0,,
Nicolas Claxton,,,,,,,,,,,898310.0
Nicolas Laprovittola,,,,,,,,204601.0,,,
Nicolo Melli,,,,,,,,,,,4102564.0
Nigel Hayes,,,,,,,,,193532.0,,
Nigel Williams-Goss,,,,,,,,,,,1500000.0
Nik Stauskas,,,,,,2745840.0,2869440.0,2993040.0,3807146.0,2161886.0,
Nikola Jokic,,,,,,,1300000.0,1358500.0,1471382.0,25467250.0,27504630.0
Nikola Jovanovic,,,,,,,,30000.0,,,
Nikola Mirotic,,,,,,5305000.0,5543725.0,5782450.0,12500000.0,12500000.0,
Nikola Pekovic,,4000000.0,4503600.0,4640000.0,12100000.0,12100000.0,12100000.0,12100000.0,11600000.0,,
Nikola Vucevic,,,1645400.0,1768800.0,1892280.0,2902757.0,11250000.0,11750000.0,12250000.0,12750000.0,28000000.0
Noah Vonleh,,,,,,2524200.0,2637720.0,2751360.0,4031018.0,1621415.0,2000000.0
Nolan Smith,,,1306920.0,1404960.0,,,,,,,
Norman Powell,,,,,,,650000.0,874636.0,1471382.0,9367200.0,10116576.0
Norris Cole,,,1035960.0,1113600.0,1191240.0,2150188.0,3203780.0,288131.0,,,
Norvel Pelle,,,,,,,,,,,350189.0
OG Anunoby,,,,,,,,,1645200.0,1952760.0,2281800.0
OJ Mayo,4165560.0,4456200.0,5632637.0,4020000.0,8000000.0,8000000.0,8000000.0,,,,
Ognjen Kuzmic,,,,,490180.0,816482.0,,,,,
Okaro White,,,,,,,,310995.0,1460927.0,247827.0,
Oleksiy Pecherov,1547640.0,,,,,,,,,,
Omari Johnson,,,,,,,,,170495.0,,
Omari Spellman,,,,,,,,,,1622520.0,1897800.0
Omer Asik,,1721000.0,1857500.0,5000000.0,5225000.0,14898938.0,9213483.0,9904494.0,10595505.0,11286516.0,
Omri Casspi,1167000.0,1254480.0,1341960.0,2277306.0,947907.0,1063384.0,2836186.0,3149524.0,2106470.0,2176260.0,
Orlando Johnson,,,,550000.0,788872.0,,111444.0,,,,
Oshae Brissett,,,,,,,,,,,129568.0
Othello Hunter,307564.0,,,,,,,,,,
Othyus Jeffers,,,,,104034.0,,,,,,
Otto Porter,,,,,4278000.0,4470480.0,4662960.0,5893981.0,24773250.0,26011913.0,27250576.0
PJ Dozier,,,,,,,,,77250.0,77250.0,183115.0
PJ Hairston,,,,,,1149720.0,1201440.0,,,,
PJ Tucker,,,,762195.0,884293.0,5700000.0,5500000.0,5300000.0,7590035.0,7959537.0,8349039.0
PJ Washington,,,,,,,,,,,3831840.0
Pablo Prigioni,,,,473604.0,1591350.0,1662961.0,1421348.0,1050961.0,,,
Pape Sy,,473604.0,,,,,,,,,
Pascal Siakam,,,,,,,,1196040.0,1312611.0,1544951.0,2351838.0
Pat Connaughton,,,,,,,625093.0,874636.0,1471382.0,1641000.0,1723050.0
Patric Young,,,,,,507336.0,,,,,
Patricio Garino,,,,,,,,131968.0,,,
Patrick Beverley,,473604.0,,298092.0,788872.0,915243.0,6486486.0,6000000.0,5513514.0,5027028.0,12345680.0
Patrick McCaw,,,,,,,,543471.0,1312611.0,964104.0,4000000.0
Patrick Mills,457588.0,937195.0,,1085120.0,1133950.0,3500000.0,3200000.0,3200000.0,10714286.0,11571429.0,12678571.0
Patrick O'Bryant,1620000.0,,,,,,,,,,
Patrick Patterson,,1823280.0,1959960.0,2096760.0,3105301.0,5831326.0,6268675.0,6050000.0,5192000.0,5451600.0,2331593.0
Pau Gasol,16452000.0,17823000.0,18714150.0,19000000.0,19285850.0,7128000.0,7448760.0,15500000.0,16000000.0,17133285.0,
Paul Davis,80488.0,,,,,,,,,,
Paul George,,2238360.0,2406240.0,2574120.0,3282003.0,15800000.0,16900000.0,18100000.0,19300000.0,30560700.0,33005556.0
Paul Millsap,7692932.0,7600000.0,8103435.0,7200000.0,9500000.0,9500000.0,18671659.0,20072033.0,30769231.0,29230769.0,30350000.0
Paul Pierce,19795712.0,13876321.0,15333334.0,16790345.0,15333334.0,5305000.0,3376000.0,3527920.0,3679840.0,,
Paul Watson,,,,,,,,,,,79568.0
Paul Zipser,,,,,,,,750000.0,1312611.0,,
Pero Antic,,,,,1200000.0,1250000.0,,,,,
Perry Jones,,,,1035960.0,1082520.0,1129200.0,2038206.0,,,,
Peyton Siva,,,,,490180.0,,,,,,
Phil Pressey,,,,,490180.0,816482.0,1014142.0,35000.0,,,
Pierre Jackson,,,,,,,750000.0,191810.0,,,
Pooh Jeter,,473604.0,,,,,,,,,
Pops Mensah-Bonsu,330199.0,364461.0,,,,,,,,,
Predrag Stojakovic,13392000.0,15532320.0,,,,,,,,,
Primoz Brezec,1107572.0,,,,,,,,,,
Prince Ibeh,,,,,,,,77250.0,,,
Quentin Richardson,9352400.0,2265000.0,2446600.0,2706940.0,4208107.0,,,,,,
Quincy Acy,,,,665000.0,788872.0,915243.0,981348.0,2965505.0,1709538.0,213948.0,
Quincy Douby,85519.0,,,,,,,,,,
Quincy Ford,,,,,,,,75000.0,,,
Quincy Miller,,,,473604.0,788872.0,398393.0,50000.0,,,,
Quincy Pondexter,,1073280.0,1153800.0,1234320.0,2225478.0,3146068.0,3382023.0,3617978.0,3853931.0,2165481.0,
Quinn Cook,,,,,,,,95904.0,189832.0,1544951.0,3000000.0
Quinndary Weatherspoon,,,,,,,,,,,79568.0
Quinton Ross,1033342.0,1146337.0,,,,,,,,,
RJ Barrett,,,,,,,,,,,7839960.0
RJ Hunter,,,,,,,1148640.0,1625240.0,77250.0,77250.0,
Rade Zagorac,,,,,,,,,950000.0,1378242.0,
Radoslav Nesterovic,1990000.0,,,,,,,,,,
Rafer Alston,5053133.0,,,,,,,,,,
Raja Bell,5250000.0,3000000.0,3240000.0,3480000.0,,,,,,,
Rajon Rondo,2094922.0,9090911.0,10045455.0,11000000.0,12000000.0,12909090.0,9500000.0,14000000.0,6300000.0,9000000.0,2564753.0
Rakeem Christmas,,,,,,,1007026.0,1052342.0,,,
Ramon Sessions,3670667.0,3964320.0,4257973.0,5000000.0,5000000.0,2077000.0,2170465.0,6000000.0,2986463.0,,
Randolph Morris,855189.0,,,,,,,,,,
Randy Foye,3575761.0,4250000.0,4250000.0,2500000.0,3000000.0,3000000.0,3135000.0,2500000.0,,,
Rashad Vaughn,,,,,,,1733040.0,1811040.0,2338653.0,,
Rashard Lewis,18876000.0,19573711.0,21136631.0,15052181.0,1399507.0,,,,,,
Rasheed Wallace,5854000.0,6322320.0,,1352181.0,,,,,,,
Rasual Butler,3945000.0,2400000.0,1229255.0,,1399507.0,1448490.0,1499187.0,,,,
Raul Neto,,,,,,,840000.0,877800.0,1471382.0,2100000.0,1737145.0
Rawle Alkins,,,,,,,,,,77250.0,
Ray Allen,18776860.0,10000000.0,10000000.0,3090000.0,3229050.0,,,,,,
Ray McCallum,,,,,524616.0,816482.0,1076758.0,119493.0,,,
Rayjon Tucker,,,,,,,,,,,578573.0
Raymond Felton,5501196.0,7500000.0,7560000.0,4000000.0,4180000.0,4360000.0,4540000.0,1551659.0,2328652.0,2393887.0,
Raymond Spalding,,,,,,,,,,1023210.0,79568.0
Reggie Bullock,,,,,1149000.0,1200720.0,1252400.0,2255644.0,2500000.0,2500000.0,4000000.0
Reggie Evans,4960000.0,5080000.0,1229255.0,1622618.0,1695636.0,1768654.0,,,,,
Reggie Hearn,,,,,,,,,77250.0,,
Reggie Jackson,,,1156320.0,1243080.0,1329720.0,2325680.0,13913044.0,14956522.0,16000000.0,17043478.0,512721.0
Reggie Williams,,762195.0,2500000.0,2500000.0,111518.0,487905.0,,193307.0,,,
Renaldo Balkman,2112417.0,1675000.0,1675000.0,1675000.0,,,,,,,
Richard Hamilton,11625000.0,12500000.0,17500000.0,10500000.0,1000000.0,,,,,,
Richard Jefferson,14200000.0,8400000.0,9282000.0,10164000.0,11046000.0,1448490.0,1499187.0,2500000.0,4828652.0,,
Richard Solomon,,,,,,,,,,47370.0,
Richaun Holmes,,,,,,,1075000.0,1024000.0,1471382.0,1600520.0,4767000.0
Ricky Davis,2484000.0,,,,,,,,,,
Ricky Ledo,,,,,550000.0,960566.0,,,,,
Ricky Rubio,,,3480120.0,3741120.0,4002120.0,5070686.0,12700000.0,13400000.0,14100000.0,14800000.0,16200000.0
Robbie Hummel,,,,,490180.0,880000.0,,150000.0,,,
Robert Covington,,,,,490180.0,1000000.0,1000000.0,1015696.0,16698103.0,10464092.0,11301219.0
Robert Sacre,,,,473604.0,788873.0,915243.0,981358.0,,,,
Robert Williams,,,,,,,,,,1656600.0,1937520.0
Robin Lopez,1745520.0,1867320.0,2862602.0,4899293.0,5119761.0,5340229.0,12650000.0,13219250.0,13788500.0,14357750.0,4767000.0
Rodions Kurucs,,,,,,,,,,1690000.0,1699236.0
Rodney Carney,855189.0,651872.0,,,,,,,,,
Rodney Hood,,,,,,1290360.0,1348440.0,1406520.0,2386864.0,3472887.0,5718000.0
Rodney McGruder,,,,,,,,543471.0,1312611.0,1544951.0,4807693.0
Rodney Purvis,,,,,,,,,165887.0,,
Rodney Stuckey,1805040.0,2767126.0,8500000.0,8500000.0,8500000.0,1227985.0,7000000.0,7000000.0,,,
Rodrigue Beaubois,1075440.0,1156080.0,1236720.0,2227332.0,,,,,,,
Roger Mason,3780000.0,1400000.0,1146337.0,1229255.0,1272279.0,,,,,,
Roko Ukic,303232.0,,,,,,,,,,
Romeo Langford,,,,,,,,,,,3458400.0
Ron Baker,,,,,,,,543471.0,4328000.0,4697823.0,
Ronald Dupree,,58393.0,,,,,,,,,
Ronald Murray,1990000.0,,,,,,,,,,
Rondae Hollis-Jefferson,,,,,,,1335480.0,1395600.0,1455720.0,2470356.0,2500000.0
Ronnie Brewer,2717161.0,4790000.0,4710000.0,1069509.0,1256250.0,,,,,,
Ronnie Price,1250000.0,1380000.0,1069509.0,1146337.0,1265977.0,1316809.0,1499187.0,3251227.0,2442455.0,,
Ronny Turiaf,4140000.0,4000000.0,4360000.0,1146337.0,1600000.0,1600000.0,,,,,
Roy Hibbert,1575360.0,1685280.0,2588590.0,13668750.0,14283844.0,14898938.0,15514031.0,5000000.0,,,
Royal Ivey,1050000.0,1200000.0,1200000.0,1223166.0,74839.0,,,,,,
Royce O'Neale,,,,,,,,,815615.0,1378242.0,1618520.0
Royce White,,,,1645440.0,1777148.0,,,,,,
Rudy Fernandez,1165320.0,1246680.0,2180443.0,,,,,,,,
Rudy Gay,3280997.0,13603750.0,15032144.0,16460532.0,17888932.0,19317326.0,12403101.0,13333333.0,8406000.0,10087200.0,14500000.0
Rudy Gobert,,,,,1078800.0,1127400.0,1175880.0,2121287.0,21224719.0,23491573.0,25258427.0
Rui Hachimura,,,,,,,,,,,4469160.0
Russ Smith,,,,,,507336.0,845059.0,,,,
Russell Westbrook,3755640.0,4017720.0,5082416.0,13668750.0,14693906.0,15719062.0,16744218.0,26540100.0,28299399.0,35665000.0,38506482.0
Ryan Anderson,1317120.0,1409040.0,2244601.0,8700000.0,8308500.0,8491500.0,8500000.0,18735364.0,19578455.0,20421546.0,
Ryan Arcidiacono,,,,,,,,75000.0,77250.0,1349383.0,3000000.0
Ryan Bowen,209592.0,,,,,,,,,,
Ryan Broekhoff,,,,,,,,,,838464.0,1416852.0
Ryan Gomes,3867500.0,4000000.0,4000000.0,4000000.0,495521.0,,,,,,
Ryan Hollins,2183333.0,2333333.0,2483333.0,1069509.0,1186459.0,1310286.0,615906.0,,,,
Ryan Kelly,,,,,490180.0,1650000.0,1724250.0,713305.0,,,
Ryan Reid,,,475000.0,,,,,,,,
Salah Mejri,,,,,,,525093.0,874636.0,1471382.0,2098196.0,
Sam Dekker,,,,,,,1646400.0,1720560.0,1794600.0,2760094.0,
Sam Young,824200.0,886000.0,947800.0,761319.0,,,,,,,
Samardo Samuels,,500000.0,762195.0,346781.0,,,,,,,
Samuel Dalembert,12025694.0,13428129.0,7000000.0,6700000.0,3700748.0,1885755.0,1499187.0,,,,
Sasha Kaun,,,,,,,1276000.0,1333420.0,,,
Sasha Vujacic,5000000.0,5475113.0,,,69791.0,,1356146.0,1410598.0,,,
Scott Machado,,,,225657.0,,,,,,76236.0,
Scott Wood,,,,,,,,50000.0,,,
Scottie Wilbekin,,,,,,,200000.0,,,,
Scotty Hopson,,,,,1350000.0,,,,74158.0,76236.0,
Sean Kilpatrick,,,,,,29843.0,320594.0,980431.0,4774445.0,,
Sean Marks,1187686.0,1264687.0,,,,,,,,,
Sean May,884881.0,,,,,,,,,,
Sean Williams,1629120.0,,885120.0,,,,,,,,
Sebastian Telfair,2500000.0,2700000.0,1500000.0,1567500.0,,1316809.0,,,,,
Sekou Doumbouya,,,,,,,,,,,3285120.0
Semaj Christon,,,,,,,,543471.0,,,
Semi Ojeleye,,,,,,,,,1291892.0,1378242.0,1618520.0
Semih Erden,,473604.0,762195.0,,,,,,,,
Serge Ibaka,1120200.0,1204200.0,1288200.0,2253061.0,12250000.0,12250000.0,12250000.0,12250000.0,20061729.0,21666667.0,23271604.0
Sergey Karasev,,,,,1467840.0,1533840.0,1599840.0,,,,
Sergio Rodriguez,1892035.0,,,,,,,6800000.0,,,
Seth Curry,,,,,66318.0,48028.0,947276.0,2898000.0,3028410.0,2795000.0,7461380.0
Shabazz Muhammad,,,,,1887120.0,1971960.0,2056920.0,3046299.0,1924755.0,,
Shabazz Napier,,,,,,1238640.0,1294440.0,1350120.0,2361359.0,1942422.0,1845301.0
Shai Gilgeous-Alexander,,,,,,,,,,3375360.0,3952920.0
Shake Milton,,,,,,,,,,77250.0,1445697.0
Shane Battier,6864200.0,7354500.0,3000000.0,3135000.0,3270000.0,,,,,,
Shane Edwards,,,,,28834.0,,,,,,
Shane Larkin,,,,,1536960.0,1606080.0,1500000.0,,1524305.0,,
Shannon Brown,2000000.0,2200000.0,3500000.0,3500000.0,481562.0,215811.0,,,,,
Shaquille Harrison,,,,,,,,,230399.0,1325531.0,1620564.0
Shaquille O'Neal,20000000.0,1352181.0,,,,,,,,,
Shareef Abdur-Rahim,6600000.0,,,,,,,,,,
Shaun Livingston,296695.0,3500000.0,3500000.0,2038446.0,1265977.0,5305000.0,5543725.0,5782450.0,7692308.0,8307692.0,
Shavlik Randolph,343542.0,,,280286.0,306036.0,1227985.0,,,,,
Shawn Long,,,,,,,,154512.0,,,
Shawn Marion,6635068.0,7305500.0,8022449.0,8646364.0,9316796.0,1448490.0,,,,,
Shawne Williams,2416067.0,885210.0,3000000.0,3158000.0,535770.0,1145685.0,,,,,
Shayne Whittington,,,,,,507336.0,845059.0,,,,
Shelden Williams,825497.0,915852.0,992680.0,,,,,,,,
Sheldon Mac,,,,,,,,543471.0,1312611.0,,91557.0
Shelvin Mack,,,473604.0,761800.0,884293.0,2433333.0,2433333.0,2433334.0,6000000.0,2512601.0,
Sherron Collins,,473604.0,,,,,,,,,
Sim Bhullar,,,,,,35000.0,,,,,
Sindarius Thornwell,,,,,,,,,815615.0,1378242.0,183115.0
Skal Labissiere,,,,,,,,1188840.0,1312611.0,1544951.0,2338846.0
Solomon Alabi,,770000.0,830000.0,,,,,,,,
Solomon Hill,,,,,1246680.0,1302840.0,1358880.0,11709603.0,12236535.0,12763467.0,13290395.0
Solomon Jones,1620000.0,1500000.0,440353.0,62912.0,474583.0,,,,,,
Sonny Weems,736420.0,854389.0,,,,,2814000.0,,,,
Speedy Claxton,5209454.0,,,,,,,,,,
Spencer Dinwiddie,,,,,,700000.0,845059.0,726672.0,1524305.0,1656092.0,10605600.0
Spencer Hawes,2332800.0,2974320.0,4051024.0,6500000.0,6500000.0,5305000.0,5543725.0,5782450.0,2007058.0,2007058.0,
Stanley Johnson,,,,,,,2841960.0,2969880.0,3097800.0,3940401.0,3623000.0
Stefan Jankovic,,,,,,,,100000.0,,,
Stephan Hicks,,,,,,,,,,47370.0,
Stephen Curry,2710560.0,2913840.0,3117120.0,3958742.0,9887642.0,10629213.0,11370786.0,12112359.0,34682550.0,37457154.0,40231758.0
Stephen Graham,884881.0,992680.0,,,,,,,,,
Stephen Jackson,7650000.0,8453250.0,9256500.0,10060000.0,238739.0,,,,,,
Stephen Zimmerman,,,,,,,,950000.0,,,
Sterling Brown,,,,,,,,,815615.0,1378242.0,1618520.0
Steve Blake,4930000.0,4000000.0,4000000.0,4000000.0,4000000.0,2100000.0,2100000.0,,,,
Steve Nash,13125000.0,10310938.0,11689062.0,8900000.0,9300500.0,9701000.0,,,,,
Steve Novak,855189.0,734945.0,992680.0,4054055.0,3750001.0,3445947.0,3758017.0,1551659.0,,,
Steven Adams,,,,,2090880.0,2184960.0,2279040.0,3140517.0,22471911.0,24157304.0,25842697.0
Steven Hunter,3696000.0,,,,,,,,,,
Sundiata Gaines,269169.0,327296.0,854389.0,,,,,,,,
Sviatoslav Mykhailiuk,,,,,,,,,,1487694.0,1416852.0
TJ Ford,8500000.0,8500000.0,1146337.0,,,,,,,,
TJ Leaf,,,,,,,,,2028360.0,2407560.0,2813280.0
TJ McConnell,,,,,,,525093.0,874636.0,1471382.0,1600520.0,3500000.0
TJ Warren,,,,,,1953120.0,2041080.0,2128920.0,3152930.0,11750000.0,11060000.0
Tacko Fall,,,,,,,,,,,79568.0
Tahjere McCall,,,,,,,,,,47370.0,
Taj Gibson,1039800.0,1117680.0,1195680.0,2155811.0,7550000.0,8000000.0,8500000.0,8950000.0,14000000.0,14000000.0,9000000.0
Talen Horton-Tucker,,,,,,,,,,,898310.0
Tarik Black,,,,,,507336.0,845059.0,6191000.0,3290000.0,,
Tarik Phillip,,,,,,,,,,47370.0,
Tariq Owens,,,,,,,,,,,79568.0
Taurean Prince,,,,,,,,2318280.0,2422560.0,2526840.0,3481985.0
Taylor Griffin,457588.0,,,,,,,,,,
Tayshaun Prince,10324380.0,11148760.0,6292135.0,6764045.0,7235955.0,7707865.0,1499187.0,,,,
Terance Mann,,,,,,,,,,,1000000.0
Terence Davis,,,,,,,,,,,898310.0
Terrance Ferguson,,,,,,,,,1785000.0,2118840.0,2475840.0
Terrel Harris,,,473604.0,304878.0,,,,,,,
Terrence Jones,,,,1485000.0,1551840.0,1618680.0,2489529.0,1207194.0,,198579.0,
Terrence Ross,,,,2563320.0,2678640.0,2793960.0,3553917.0,10000000.0,10500000.0,10500000.0,12500000.0
Terrence Williams,2060040.0,2214480.0,2369040.0,296775.0,,,,,,,
Terrico White,,473604.0,,,,,,,,,
Terry Rozier,,,,,,,1824360.0,1906440.0,1988520.0,3050389.0,19894737.0
Thabo Sefolosha,2759628.0,3250000.0,3300000.0,3600000.0,3900000.0,4000000.0,4000000.0,4000000.0,5250000.0,5250000.0,2564753.0
Thaddeus Young,2105400.0,2901241.0,7478261.0,8039130.0,8600000.0,9160870.0,11235955.0,12078652.0,12921348.0,13764045.0,12900000.0
Thanasis Antetokounmpo,,,,,,,30887.0,,,,1445697.0
Theo Pinson,,,,,,,,,,77250.0,1445697.0
Theo Ratliff,1306455.0,1352181.0,,,,,,,,,
Thomas Bryant,,,,,,,,,815615.0,1378242.0,8000000.0
Thomas Robinson,,,,3374640.0,3526440.0,3678360.0,981348.0,1050961.0,,,
Thomas Walkup,,,,,,,,69500.0,,,
Thomas Welsh,,,,,,,,,,77250.0,
Thon Maker,,,,,,,,2568600.0,3086784.0,2799720.0,3569643.0
Tiago Splitter,,3400000.0,3672000.0,3944000.0,10000000.0,9250000.0,8500000.0,8250000.0,,,
Tibor Pleiss,,,,,,,2700000.0,2800000.0,,,
Tim Duncan,22183220.0,18700000.0,21164619.0,9638554.0,10361446.0,10361446.0,5250000.0,5643750.0,,,
Tim Frazier,,,,,,107435.0,989216.0,2090000.0,2000000.0,1832107.0,
Tim Hardaway Jr,,,,,1196760.0,1250640.0,1304520.0,2281605.0,16500000.0,17325000.0,20025127.0
Tim Ohlbrecht,,,,142081.0,,,,,,,
Tim Quarterman,,,,,,,,543471.0,96406.0,,
Tim Thomas,7773055.0,,,,,,,,,,
Timofey Mozgov,,3567096.0,3343896.0,2794621.0,4400000.0,4650000.0,4950000.0,16000000.0,15280000.0,16000000.0,
Timothe Luwawu,,,,,,,,1326960.0,1594590.0,1880268.0,837583.0
Tobias Harris,,,1418160.0,1524480.0,1630800.0,2511432.0,16000000.0,17200000.0,16000000.0,14800000.0,32742000.0
Tomas Satoransky,,,,,,,,2870813.0,3000000.0,3129187.0,10000000.0
Toney Douglas,996240.0,1071000.0,1145640.0,2067880.0,1600000.0,268973.0,2971568.0,564868.0,,,
Tony Allen,2500000.0,3000000.0,3150000.0,3300000.0,5000000.0,5000000.0,5000000.0,5000000.0,1471382.0,,
Tony Battie,6292000.0,1352181.0,1352181.0,,,,,,,,
Tony Bradley,,,,,,,,,1414920.0,1679520.0,1962360.0
Tony Mitchell,,,,,490180.0,816482.0,,,,,
Tony Mitchell,,,,,28834.0,816482.0,,,,,
Tony Parker,12600000.0,13500000.0,12500000.0,12500000.0,12500000.0,12500000.0,13437500.0,14445313.0,15453126.0,5000000.0,
Tony Snell,,,,,1409040.0,1472400.0,1535880.0,2368327.0,9821429.0,10607143.0,11392857.0
Tony Wroten,,,,1110120.0,1160040.0,1210080.0,2346760.0,25000.0,,,
Tornike Shengelia,,,,473604.0,788872.0,,,,,,
Torrey Craig,,,,,,,,,77250.0,2000000.0,2000000.0
Toure Murry,,,,,490180.0,1000000.0,,,,,
Tracy McGrady,23239562.0,1352181.0,1352181.0,79540.0,,,,,,,
Trae Young,,,,,,,,,,5363280.0,6273000.0
Travis Diener,1740000.0,,,,,,,,,,
Travis Leslie,,,473604.0,294835.0,,,,,,,
Travis Outlaw,4000000.0,7000000.0,7000000.0,7000000.0,,7000000.0,,,,,
Travis Wear,,,,,,507336.0,,,304051.0,,
Tremont Waters,,,,,,,,,,,79568.0
Trenton Hassell,4350000.0,,,,,,,,,,
Treveon Graham,,,,,,,525093.0,543471.0,1312611.0,1512601.0,1645357.0
Trevon Bluiett,,,,,,,,,,77250.0,
Trevon Duval,,,,,,,,,,77250.0,
Trevor Ariza,5854000.0,6322320.0,6790640.0,7258960.0,7727280.0,8600000.0,8200000.0,7800000.0,7400000.0,15000000.0,12200000.0
Trevor Booker,,1204560.0,1294920.0,1385280.0,2350820.0,5000000.0,4775000.0,9250000.0,9571137.0,,
Trey Burke,,,,,2438760.0,2548560.0,2658240.0,3386597.0,784160.0,1795015.0,229220.0
Trey Johnson,,89670.0,,,,,,,,,
Trey Lyles,,,,,,,2239800.0,2340600.0,2441400.0,3364249.0,5500000.0
Trey McKinney-Jones,,,,,,,,,46079.0,,
Trey Thompkins,,,473604.0,762195.0,,,,,,,
Tristan Thompson,,,3726600.0,4006080.0,4285560.0,5421233.0,14260000.0,15330435.0,16400000.0,17469565.0,18539130.0
Troy Brown,,,,,,,,,,2752680.0,3219480.0
Troy Caupain,,,,,,,,,,77250.0,
Troy Daniels,,,,,158587.0,816482.0,947276.0,3332940.0,3408520.0,3258539.0,458439.0
Troy Murphy,11047619.0,11968253.0,1352181.0,226619.0,,,,,,,
Troy Williams,,,,,,,,652165.0,1842176.0,77250.0,
Ty Jerome,,,,,,,,,,,2193480.0
Ty Lawson,1438690.0,1546560.0,1654440.0,2544528.0,10786517.0,11595506.0,12444552.0,1315448.0,119009.0,,
Tyler Cavanaugh,,,,,,,,,77250.0,77250.0,
Tyler Cook,,,,,,,,,,,79568.0
Tyler Davis,,,,,,,,,,77250.0,
Tyler Dorsey,,,,,,,,,815615.0,1378242.0,
Tyler Ennis,,,,,,1590720.0,1662360.0,1733880.0,1524305.0,,
Tyler Hansbrough,1859160.0,1998600.0,2138040.0,3055259.0,3183000.0,3326235.0,1185784.0,,,,
Tyler Herro,,,,,,,,,,,3640200.0
Tyler Honeycutt,,,775000.0,850000.0,,,,,,,
Tyler Johnson,,,,,,280526.0,845059.0,5628000.0,5821260.0,19245370.0,183115.0
Tyler Lydon,,,,,,,,,1579440.0,1874640.0,
Tyler Ulis,,,,,,,,918369.0,1312611.0,77250.0,
Tyler Zeller,,,,1563120.0,1633440.0,1703760.0,2616975.0,8000000.0,1709538.0,213948.0,245686.0
Tyreke Evans,3610080.0,3880920.0,4151640.0,5251824.0,11796247.0,11265416.0,10734586.0,10203755.0,3290000.0,12400000.0,
Tyrone Wallace,,,,,,,,,77250.0,1349383.0,
Tyrus Thomas,4743598.0,6611570.0,7305765.0,8000000.0,8694215.0,9460664.0,,,,,
Tyshawn Taylor,,,,473604.0,,,,,,,
Tyson Chandler,11850000.0,12600000.0,13107837.0,13604188.0,14100538.0,14596888.0,13000000.0,12415000.0,13000000.0,13585000.0,2564753.0
Tyus Jones,,,,,,,1282080.0,1339680.0,1471382.0,2444052.0,10116000.0
Udonis Haslem,7100000.0,3500000.0,3780000.0,4060000.0,4340000.0,2732000.0,2854940.0,4000000.0,2328652.0,2393887.0,2564753.0
VJ Beachem,,,,,,,,,50000.0,,
Vander Blue,,,,,28834.0,48028.0,,,77250.0,,
Vernon Macklin,,,473604.0,,,,,,,,
Vic Law,,,,,,,,,,,79568.0
Victor Claver,,,,1254720.0,1311240.0,1370000.0,,,,,
Victor Oladipo,,,,,4763760.0,4978200.0,5192520.0,6552960.0,21000000.0,21000000.0,21000000.0
Vince Carter,16300000.0,17300000.0,21300000.0,3120000.0,3180000.0,3911981.0,4088019.0,4264057.0,8000000.0,2393887.0,2564753.0
Vince Hunter,,,,,,,,,77250.0,,
Vincent Edwards,,,,,,,,,,77250.0,
Vincent Poirier,,,,,,,,,,,2505793.0
Vitor Faverani,,,,,2000000.0,2090000.0,,,,,
Vladimir Radmanovic,6466600.0,6883800.0,1352181.0,1352181.0,,,,,,,
Vlatko Cancar,,,,,,,,,,,898310.0
Von Wafer,,915852.0,992680.0,,,,,,,,
Vyacheslav Kravtsov,,,,1500000.0,1500000.0,,,,,,
Wade Baldwin,,,,,,,,1793760.0,2254292.0,1544951.0,
Walker Russell,,,374289.0,,,,,,,,
Walter Lemon Jr,,,,,,,,,92159.0,176250.0,
Walter Tavares,,,,,,,1000000.0,1006000.0,,,
Wayne Ellington,1003560.0,1078800.0,1154040.0,2083042.0,2500000.0,1063384.0,1500000.0,6000000.0,6270000.0,8653076.0,8000000.0
Wayne Selden,,,,,,,,115087.0,1312611.0,1544951.0,
Wendell Carter,,,,,,,,,,4446840.0,5201400.0
Wenyen Gabriel,,,,,,,,,,75000.0,1445697.0
Wesley Iwundu,,,,,,,,,1050000.0,1378242.0,1618520.0
Wesley Johnson,,3726600.0,4006080.0,4285560.0,916099.0,981084.0,1100602.0,5628000.0,5881260.0,6134000.0,
Wesley Matthews,457588.0,5765000.0,6135160.0,6505320.0,6875480.0,7245640.0,16407500.0,17145838.0,17884175.0,19360228.0,2564753.0
Will Barton,,,,550000.0,788872.0,915243.0,3533333.0,3533333.0,3533333.0,11830358.0,12776786.0
Will Bynum,825497.0,3250000.0,3250000.0,3500000.0,2790343.0,2915908.0,,,,,
Will Cherry,,,,,,106567.0,,,,,
Will Conroy,48559.0,,,854389.0,,,,,,,
William Howard,,,,,,,,,,,79568.0
Willie Cauley-Stein,,,,,,,3398280.0,3551160.0,3704160.0,4696874.0,2177483.0
Willie Green,3682000.0,3976000.0,1223166.0,1375000.0,1399507.0,1448490.0,,,,,
Willie Reed,,,,,57668.0,,525093.0,,1471382.0,,
Willie Warren,,500000.0,,,,,,,,,
Willy Hernangomez,,,,,,,,1375000.0,1435750.0,1496500.0,1676735.0
Wilson Chandler,1255440.0,2130482.0,,5930415.0,6344164.0,6754913.0,10449438.0,11233146.0,12016854.0,12800562.0,2564753.0
Xavier Henry,,2020200.0,2171640.0,2323200.0,916099.0,1082000.0,,,,,
Xavier Munford,,,,,,,123548.0,,77250.0,,
Xavier Silas,,,,,,,,,74158.0,,
Yakhouba Diawara,945000.0,,,,,,,,,,
Yakuba Ouattara,,,,,,,,,77250.0,,
Yante Maten,,,,,,,,,,385000.0,
Yao Ming,16378325.0,17686100.0,,,,,,,,,
Yi Jianlian,3194400.0,4050499.0,827197.0,,,,,250000.0,,,
Yogi Ferrell,,,,,,,,409300.0,1312611.0,3000000.0,3150000.0
Yuta Watanabe,,,,,,,,,,77250.0,79568.0
Zabian Dowdell,,242374.0,,,,,,,,,
Zach Auguste,,,,,,,,60000.0,,,
Zach Collins,,,,,,,,,3057240.0,3628920.0,4240200.0
Zach LaVine,,,,,,2055840.0,2148360.0,2240880.0,3202217.0,19500000.0,19500000.0
Zach Lofton,,,,,,,,,,77250.0,
Zach Randolph,16000000.0,17666666.0,15200000.0,16500000.0,17800000.0,16500000.0,10000000.0,10000000.0,12307692.0,11692308.0,
Zaza Pachulia,4750000.0,4251250.0,4750000.0,5248750.0,5200000.0,5200000.0,5200000.0,2898000.0,3477600.0,2393887.0,
Zhaire Smith,,,,,,,,,,2615160.0,3058800.0
Zhou Qi,,,,,,,,,815615.0,1378242.0,
Zion Williamson,,,,,,,,,,,9757440.0
Zoran Dragic,,,,,,1756500.0,1756500.0,,,,
Zydrunas Ilgauskas,11541074.0,1352181.0,,,,,,,,,
Zylan Cheatham,,,,,,,,,,,79568.0
